resource	version	filename	file_id	bytes	download_url	official_md5	local_sha256	local_md5_verified	analytical_use	archive_path	included_in_archive
figshare_26630515_v4	4	CYP1A2_testingset.csv	53278934	29595	https://ndownloader.figshare.com/files/53278934	898eeb74c4952a5e1a28a409737425ee	bf0a753b445538c33b5c9cb618d117b956d8a8329b73335792cbbb5accefbac8	True	Original labels	Source_data/raw_external/CYP1A2_testingset.csv	yes
figshare_26630515_v4	4	CYP1A2_trainingset.csv	53278937	160679	https://ndownloader.figshare.com/files/53278937	094c634c297ba910a3cebb4ec707f043	dc6d38a18dbbe1336d97fa8301a02782357db14bca47ca8f788a434e3b3b6b67	True	Original labels	Source_data/raw_external/CYP1A2_trainingset.csv	yes
figshare_26630515_v4	4	CYP2C9_testingset.csv	53278940	30193	https://ndownloader.figshare.com/files/53278940	96e88519e1b560d8a27a80d114fb1fe1	4f775ed56794c11aededa23210544c813c4d2412efc06a1b7702c3eac0558d0b	True	Original labels	Source_data/raw_external/CYP2C9_testingset.csv	yes
figshare_26630515_v4	4	CYP2C9_trainingset.csv	53278943	177575	https://ndownloader.figshare.com/files/53278943	35181d435144d74cba459d2ce7ed70c3	3cff01c58e5edcbcd3f9f70303ed3ea9a83c7229acf7cd481873c820fff5fbc7	True	Original labels	Source_data/raw_external/CYP2C9_trainingset.csv	yes
figshare_26630515_v4	4	CYP2C19_testingset.csv	53278946	29017	https://ndownloader.figshare.com/files/53278946	cd09b098a23d39c502127a3c2e9ffd07	376f8b6ae68793be87027b699ca9d0402cf8b57dbaeb9a711163ccfc52ece46f	True	Original labels	Source_data/raw_external/CYP2C19_testingset.csv	yes
figshare_26630515_v4	4	CYP2C19_trainingset.csv	53278949	162851	https://ndownloader.figshare.com/files/53278949	d449614b79a18e1b1ecbedd8acaa0324	408f2f7dd85f9ceab2da6a23c923023108d4e6d20493e410d885161c293b368d	True	Original labels	Source_data/raw_external/CYP2C19_trainingset.csv	yes
figshare_26630515_v4	4	CYP2D6_testingset.csv	53278952	28605	https://ndownloader.figshare.com/files/53278952	3a0b569be025384277db41cee9064ee4	eeebb6021992afcfc293ec69d7de4e2ce8d96d0782d500236f157602c703ac8a	True	Original labels	Source_data/raw_external/CYP2D6_testingset.csv	yes
figshare_26630515_v4	4	CYP2D6_trainingset.csv	53278955	183670	https://ndownloader.figshare.com/files/53278955	293f1dca0f1819aeaf0767f981f43b0b	e58a3973ce9a70f975e4aeb6a1a9b59ae06103a31a55b56de5e3745f9af73c60	True	Original labels	Source_data/raw_external/CYP2D6_trainingset.csv	yes
figshare_26630515_v4	4	CYP2E1_testingset.csv	53278958	31181	https://ndownloader.figshare.com/files/53278958	0b74e58788ecd366be986e0198c68663	85a118fca9235c1417fa6af038760cb9458b293c05a89ae661085a9418d3323e	True	Original labels	Source_data/raw_external/CYP2E1_testingset.csv	yes
figshare_26630515_v4	4	CYP2E1_trainingset.csv	53278961	155052	https://ndownloader.figshare.com/files/53278961	90a2089ec0bd5fa8ce6933d9e749e683	1b143c391259144ba048993f8288ffc9c43543d2f8ee4193432506d2dc6d6379	True	Original labels	Source_data/raw_external/CYP2E1_trainingset.csv	yes
figshare_26630515_v4	4	CYP3A4_testingset.csv	53278964	31058	https://ndownloader.figshare.com/files/53278964	3a4545a03b5da20055880010c5f08f51	ca04311596bc53e474d3b626baa1943cd10d256d944e796162fe9863192b24a6	True	Original labels	Source_data/raw_external/CYP3A4_testingset.csv	yes
figshare_26630515_v4	4	CYP3A4_trainingset.csv	53278967	217618	https://ndownloader.figshare.com/files/53278967	c0a31c5f9ab799b9e8e9288f544b2a90	11f501f7acf1b30800ac249c5e05f21e20eb08f7b79d21c7eeca91c21237ac1e	True	Original labels	Source_data/raw_external/CYP3A4_trainingset.csv	yes
figshare_26630515_v4	4	CYP3A4_trainingset_PF.csv	53278976	4694469	https://ndownloader.figshare.com/files/53278976	0d186ac453b390981be1bd6263077c07	9ea911432f57cca8757b30835c6cd64ad45f9c02b9b6ec5adf810aa0b6ae24a3	True	Acquisition completeness; supplied PubChem fingerprints not used by Morgan models		no; unused supplier representation
figshare_26630515_v4	4	CYP1A2_testingset_PF.xlsx	53278970	770100	https://ndownloader.figshare.com/files/53278970	ea6ef2762625849d5d8d5369890c5a68	d414e0a3dba88f31a875b03d0d5893697434863fb42f510f5ad7f37e9e124847	True	Acquisition completeness; supplied PubChem fingerprints not used by Morgan models		no; unused supplier representation
figshare_26630515_v4	4	CYP1A2_testingset_PF.csv	53278973	628254	https://ndownloader.figshare.com/files/53278973	0933038bcba6747b5a038d8d5ce4baeb	e85f1545719339afc4854cb48c7019e0a1c419b12e80397724e5ef4b4eb2c2ee	True	Acquisition completeness; supplied PubChem fingerprints not used by Morgan models		no; unused supplier representation
figshare_26630515_v4	4	CYP2C19_testingset_PF.csv	53278979	620276	https://ndownloader.figshare.com/files/53278979	a12cf2b147d9d2c4c307c131da4e04cb	c92cce097bd5cee8def212764dfc332ea609da5b0a5eea9c325f44cffb2a727f	True	Acquisition completeness; supplied PubChem fingerprints not used by Morgan models		no; unused supplier representation
figshare_26630515_v4	4	CYP2D6_testingset_PF.csv	53278982	630926	https://ndownloader.figshare.com/files/53278982	8ef2fac34e2da0b61e10f1d47edf55cd	de15c1dff10565495fec4aab813ec8c2596797b6d71808930a3719377ae1f6c4	True	Acquisition completeness; supplied PubChem fingerprints not used by Morgan models		no; unused supplier representation
figshare_26630515_v4	4	CYP2D6_trainingset_PF.csv	53278988	4057954	https://ndownloader.figshare.com/files/53278988	4cf5a94575903f1f09079a1abca336c5	f6dab86baf5bd51aabd96a8cffeab56ba0afdc33ebb6db9705796121d30574bb	True	Acquisition completeness; supplied PubChem fingerprints not used by Morgan models		no; unused supplier representation
figshare_26630515_v4	4	CYP2C9_testingset_PF.csv	53278985	620276	https://ndownloader.figshare.com/files/53278985	51aeb2ff5d2884052b4140ba74cdcada	65f15c1dd34e7355c75ca881f8a6c999db9807496d862837a8199567041652da	True	Acquisition completeness; supplied PubChem fingerprints not used by Morgan models		no; unused supplier representation
figshare_26630515_v4	4	CYP1A2_trainingset_PF.csv	53278994	3589069	https://ndownloader.figshare.com/files/53278994	272f7b56281faa95bbe773fe131590e5	85cb85a5532bedf038d2c0a811cca5c764c0c8ef319cb1a0a653f747ec97f262	True	Acquisition completeness; supplied PubChem fingerprints not used by Morgan models		no; unused supplier representation
figshare_26630515_v4	4	CYP2C19_trainingset_PF.csv	53279000	3458396	https://ndownloader.figshare.com/files/53279000	76b2c8e9255fd8b964fd14905fe8eae2	07c094124ad81a1c7ae571d041bc7d5e751854c72d67fcd65498715ddd2c0f6f	True	Acquisition completeness; supplied PubChem fingerprints not used by Morgan models		no; unused supplier representation
figshare_26630515_v4	4	CYP3A4_testingset_PF.csv	53278991	641672	https://ndownloader.figshare.com/files/53278991	9f6f5117da335f1401b1778c010934fd	bba7576aebf8d39d05e0ef6e8a36c9b28b8cd031c9482f52d7973d970d99aad1	True	Acquisition completeness; supplied PubChem fingerprints not used by Morgan models		no; unused supplier representation
figshare_26630515_v4	4	CYP2E1_testingset_PF.csv	53278997	625553	https://ndownloader.figshare.com/files/53278997	f659888598ec2edaaecc844a1e441391	13a8c9c083e3e65275ec30d117e5ca560a2b821fa2db232a65aa199ada600c6f	True	Acquisition completeness; supplied PubChem fingerprints not used by Morgan models		no; unused supplier representation
figshare_26630515_v4	4	CYP1A2_trainingset_PF.xlsx	53279003	4485290	https://ndownloader.figshare.com/files/53279003	5f77acd40f91d046724adbfe14822c7a	9e80a3f2ade9f4d7fe60d7e4817218cd6ef37a9ac389029ba29e20443adf0afd	True	Acquisition completeness; supplied PubChem fingerprints not used by Morgan models		no; unused supplier representation
figshare_26630515_v4	4	CYP2C9_trainingset_PF.csv	53279006	3921710	https://ndownloader.figshare.com/files/53279006	6980a873b6e33c8f01832f62a3e7ecb8	048a3d817e7f3bb8716ff45aa5665854362738f464d6f7df473ea1b1599c491d	True	Acquisition completeness; supplied PubChem fingerprints not used by Morgan models		no; unused supplier representation
figshare_26630515_v4	4	CYP2E1_trainingset_PF.csv	53279009	3403509	https://ndownloader.figshare.com/files/53279009	0cb06da74a1310935d57072916830c47	70472d7ce76f34548ebe3925e9b4d07965a2ab46f2b6ab6a480bbfc52fc1d45e	True	Acquisition completeness; supplied PubChem fingerprints not used by Morgan models		no; unused supplier representation
