query	panel	group	method	domain	candidates	positives	deterministic_RR	tie_averaged_RR	conditional_defined
185a00ed662ccf1095f3ea6c6f338e636f5662cb62854a2d5c8da0aa44ca734a	protein_cold:p0:cNone	70927410cebe7bb33453afe63c3fae8782126b96d98b621baaa0acd902a27e30	mmseqs_top1	own	1	0	0.0	0.0	False
185a00ed662ccf1095f3ea6c6f338e636f5662cb62854a2d5c8da0aa44ca734a	protein_cold:p0:cNone	70927410cebe7bb33453afe63c3fae8782126b96d98b621baaa0acd902a27e30	esm_cosine_top1	own	1	0	0.0	0.0	False
185a00ed662ccf1095f3ea6c6f338e636f5662cb62854a2d5c8da0aa44ca734a	protein_cold:p0:cNone	70927410cebe7bb33453afe63c3fae8782126b96d98b621baaa0acd902a27e30	mmseqs_top1	common	1	0	0.0	0.0	False
185a00ed662ccf1095f3ea6c6f338e636f5662cb62854a2d5c8da0aa44ca734a	protein_cold:p0:cNone	70927410cebe7bb33453afe63c3fae8782126b96d98b621baaa0acd902a27e30	esm_cosine_top1	common	1	0	0.0	0.0	False
5620bb43081c45db7de6fd78b4fa513badf5df06dc7e3853ba55e156a4ba5cfe	protein_cold:p0:cNone	70927410cebe7bb33453afe63c3fae8782126b96d98b621baaa0acd902a27e30	mmseqs_top1	own	1	0	0.0	0.0	False
5620bb43081c45db7de6fd78b4fa513badf5df06dc7e3853ba55e156a4ba5cfe	protein_cold:p0:cNone	70927410cebe7bb33453afe63c3fae8782126b96d98b621baaa0acd902a27e30	esm_cosine_top1	own	2	0	0.0	0.0	False
5620bb43081c45db7de6fd78b4fa513badf5df06dc7e3853ba55e156a4ba5cfe	protein_cold:p0:cNone	70927410cebe7bb33453afe63c3fae8782126b96d98b621baaa0acd902a27e30	mmseqs_top1	common	0	0	0.0	0.0	False
5620bb43081c45db7de6fd78b4fa513badf5df06dc7e3853ba55e156a4ba5cfe	protein_cold:p0:cNone	70927410cebe7bb33453afe63c3fae8782126b96d98b621baaa0acd902a27e30	esm_cosine_top1	common	0	0	0.0	0.0	False
9c8000712c5501dc384356a6000b613b796ae06d9651a52ae73bfb217cb3f58e	protein_cold:p0:cNone	70927410cebe7bb33453afe63c3fae8782126b96d98b621baaa0acd902a27e30	mmseqs_top1	own	1	1	1.0	1.0	True
9c8000712c5501dc384356a6000b613b796ae06d9651a52ae73bfb217cb3f58e	protein_cold:p0:cNone	70927410cebe7bb33453afe63c3fae8782126b96d98b621baaa0acd902a27e30	esm_cosine_top1	own	1	0	0.0	0.0	False
9c8000712c5501dc384356a6000b613b796ae06d9651a52ae73bfb217cb3f58e	protein_cold:p0:cNone	70927410cebe7bb33453afe63c3fae8782126b96d98b621baaa0acd902a27e30	mmseqs_top1	common	0	0	0.0	0.0	False
9c8000712c5501dc384356a6000b613b796ae06d9651a52ae73bfb217cb3f58e	protein_cold:p0:cNone	70927410cebe7bb33453afe63c3fae8782126b96d98b621baaa0acd902a27e30	esm_cosine_top1	common	0	0	0.0	0.0	False
d22ea1ae6040a527b122d3a816fd62fa8daf980b72e99762bd0adf8072c0b527	protein_cold:p0:cNone	70927410cebe7bb33453afe63c3fae8782126b96d98b621baaa0acd902a27e30	mmseqs_top1	own	1	0	0.0	0.0	False
d22ea1ae6040a527b122d3a816fd62fa8daf980b72e99762bd0adf8072c0b527	protein_cold:p0:cNone	70927410cebe7bb33453afe63c3fae8782126b96d98b621baaa0acd902a27e30	esm_cosine_top1	own	6	0	0.0	0.0	False
d22ea1ae6040a527b122d3a816fd62fa8daf980b72e99762bd0adf8072c0b527	protein_cold:p0:cNone	70927410cebe7bb33453afe63c3fae8782126b96d98b621baaa0acd902a27e30	mmseqs_top1	common	0	0	0.0	0.0	False
d22ea1ae6040a527b122d3a816fd62fa8daf980b72e99762bd0adf8072c0b527	protein_cold:p0:cNone	70927410cebe7bb33453afe63c3fae8782126b96d98b621baaa0acd902a27e30	esm_cosine_top1	common	0	0	0.0	0.0	False
0857b109be10e6016e3e732250cfa3429da3ab43599779145c65e28f87df6d4a	protein_cold:p1:cNone	0efb917a792fe9dfcba2d22e764f32ad73d1321b882eb9373d40a5d61750c597	mmseqs_top1	own	1	0	0.0	0.0	False
0857b109be10e6016e3e732250cfa3429da3ab43599779145c65e28f87df6d4a	protein_cold:p1:cNone	0efb917a792fe9dfcba2d22e764f32ad73d1321b882eb9373d40a5d61750c597	esm_cosine_top1	own	1	0	0.0	0.0	False
0857b109be10e6016e3e732250cfa3429da3ab43599779145c65e28f87df6d4a	protein_cold:p1:cNone	0efb917a792fe9dfcba2d22e764f32ad73d1321b882eb9373d40a5d61750c597	mmseqs_top1	common	0	0	0.0	0.0	False
0857b109be10e6016e3e732250cfa3429da3ab43599779145c65e28f87df6d4a	protein_cold:p1:cNone	0efb917a792fe9dfcba2d22e764f32ad73d1321b882eb9373d40a5d61750c597	esm_cosine_top1	common	0	0	0.0	0.0	False
0c00617a6a477efed427a158b4ef2152ac2c9e85663b469c144e34b49e968f0d	protein_cold:p1:cNone	e38e4fc4997a125c2a363d841252db4a19f7089da43d81f62af933613f076111	mmseqs_top1	own	2	0	0.0	0.0	False
0c00617a6a477efed427a158b4ef2152ac2c9e85663b469c144e34b49e968f0d	protein_cold:p1:cNone	e38e4fc4997a125c2a363d841252db4a19f7089da43d81f62af933613f076111	esm_cosine_top1	own	1	0	0.0	0.0	False
0c00617a6a477efed427a158b4ef2152ac2c9e85663b469c144e34b49e968f0d	protein_cold:p1:cNone	e38e4fc4997a125c2a363d841252db4a19f7089da43d81f62af933613f076111	mmseqs_top1	common	0	0	0.0	0.0	False
0c00617a6a477efed427a158b4ef2152ac2c9e85663b469c144e34b49e968f0d	protein_cold:p1:cNone	e38e4fc4997a125c2a363d841252db4a19f7089da43d81f62af933613f076111	esm_cosine_top1	common	0	0	0.0	0.0	False
206ce4143020fdad1faa2a32893dce6b14d7a711ca5edeb64d89090a587c97ca	protein_cold:p1:cNone	2133973704a2820f7ab655a1f449f0e1a0e34aeecc3b5f930fa63a0390512be3	mmseqs_top1	own	52	0	0.0	0.0	False
206ce4143020fdad1faa2a32893dce6b14d7a711ca5edeb64d89090a587c97ca	protein_cold:p1:cNone	2133973704a2820f7ab655a1f449f0e1a0e34aeecc3b5f930fa63a0390512be3	esm_cosine_top1	own	2	0	0.0	0.0	False
206ce4143020fdad1faa2a32893dce6b14d7a711ca5edeb64d89090a587c97ca	protein_cold:p1:cNone	2133973704a2820f7ab655a1f449f0e1a0e34aeecc3b5f930fa63a0390512be3	mmseqs_top1	common	0	0	0.0	0.0	False
206ce4143020fdad1faa2a32893dce6b14d7a711ca5edeb64d89090a587c97ca	protein_cold:p1:cNone	2133973704a2820f7ab655a1f449f0e1a0e34aeecc3b5f930fa63a0390512be3	esm_cosine_top1	common	0	0	0.0	0.0	False
223bf6426d9ad4fccd858bc2988b9ec441020f239760a0e13758c1f2e3dfc124	protein_cold:p1:cNone	f921087ef8feda0364766a3a76b8204c58dba949e0cccf29fa1b52449e2d23e8	mmseqs_top1	own	1	0	0.0	0.0	False
223bf6426d9ad4fccd858bc2988b9ec441020f239760a0e13758c1f2e3dfc124	protein_cold:p1:cNone	f921087ef8feda0364766a3a76b8204c58dba949e0cccf29fa1b52449e2d23e8	esm_cosine_top1	own	10	0	0.0	0.0	False
223bf6426d9ad4fccd858bc2988b9ec441020f239760a0e13758c1f2e3dfc124	protein_cold:p1:cNone	f921087ef8feda0364766a3a76b8204c58dba949e0cccf29fa1b52449e2d23e8	mmseqs_top1	common	0	0	0.0	0.0	False
223bf6426d9ad4fccd858bc2988b9ec441020f239760a0e13758c1f2e3dfc124	protein_cold:p1:cNone	f921087ef8feda0364766a3a76b8204c58dba949e0cccf29fa1b52449e2d23e8	esm_cosine_top1	common	0	0	0.0	0.0	False
2527e74d770f31ba23b27e94f47140ab3b881c5f75f5f675cd15269c21c43def	protein_cold:p1:cNone	2133973704a2820f7ab655a1f449f0e1a0e34aeecc3b5f930fa63a0390512be3	mmseqs_top1	own	52	0	0.0	0.0	False
2527e74d770f31ba23b27e94f47140ab3b881c5f75f5f675cd15269c21c43def	protein_cold:p1:cNone	2133973704a2820f7ab655a1f449f0e1a0e34aeecc3b5f930fa63a0390512be3	esm_cosine_top1	own	2	0	0.0	0.0	False
2527e74d770f31ba23b27e94f47140ab3b881c5f75f5f675cd15269c21c43def	protein_cold:p1:cNone	2133973704a2820f7ab655a1f449f0e1a0e34aeecc3b5f930fa63a0390512be3	mmseqs_top1	common	0	0	0.0	0.0	False
2527e74d770f31ba23b27e94f47140ab3b881c5f75f5f675cd15269c21c43def	protein_cold:p1:cNone	2133973704a2820f7ab655a1f449f0e1a0e34aeecc3b5f930fa63a0390512be3	esm_cosine_top1	common	0	0	0.0	0.0	False
29f6146e62fd3b9d389f772f230db1234465152abdbf6154f97ddfec8c87a3ab	protein_cold:p1:cNone	bfb84897adf63058ca583a09b506f81f0661298bffeb9fb262b62124a5591704	mmseqs_top1	own	15	0	0.0	0.0	False
29f6146e62fd3b9d389f772f230db1234465152abdbf6154f97ddfec8c87a3ab	protein_cold:p1:cNone	bfb84897adf63058ca583a09b506f81f0661298bffeb9fb262b62124a5591704	esm_cosine_top1	own	2	0	0.0	0.0	False
29f6146e62fd3b9d389f772f230db1234465152abdbf6154f97ddfec8c87a3ab	protein_cold:p1:cNone	bfb84897adf63058ca583a09b506f81f0661298bffeb9fb262b62124a5591704	mmseqs_top1	common	0	0	0.0	0.0	False
29f6146e62fd3b9d389f772f230db1234465152abdbf6154f97ddfec8c87a3ab	protein_cold:p1:cNone	bfb84897adf63058ca583a09b506f81f0661298bffeb9fb262b62124a5591704	esm_cosine_top1	common	0	0	0.0	0.0	False
3399fde55e26adcb6b20654d7e659129b2ede55a45b994ec6915d7777834de81	protein_cold:p1:cNone	d401bac618e9e107f3a7618bd3bef8d63113c52f25c6f7e4f71cf03fe2e072b4	mmseqs_top1	own	4	0	0.0	0.0	False
3399fde55e26adcb6b20654d7e659129b2ede55a45b994ec6915d7777834de81	protein_cold:p1:cNone	d401bac618e9e107f3a7618bd3bef8d63113c52f25c6f7e4f71cf03fe2e072b4	esm_cosine_top1	own	14	4	0.5	0.515719633901452	True
3399fde55e26adcb6b20654d7e659129b2ede55a45b994ec6915d7777834de81	protein_cold:p1:cNone	d401bac618e9e107f3a7618bd3bef8d63113c52f25c6f7e4f71cf03fe2e072b4	mmseqs_top1	common	0	0	0.0	0.0	False
3399fde55e26adcb6b20654d7e659129b2ede55a45b994ec6915d7777834de81	protein_cold:p1:cNone	d401bac618e9e107f3a7618bd3bef8d63113c52f25c6f7e4f71cf03fe2e072b4	esm_cosine_top1	common	0	0	0.0	0.0	False
39ae61064d5a82f145381594fb3f6680d8cd6577f58ad9c94cd99f03a5d44662	protein_cold:p1:cNone	bfb84897adf63058ca583a09b506f81f0661298bffeb9fb262b62124a5591704	mmseqs_top1	own	4	0	0.0	0.0	False
39ae61064d5a82f145381594fb3f6680d8cd6577f58ad9c94cd99f03a5d44662	protein_cold:p1:cNone	bfb84897adf63058ca583a09b506f81f0661298bffeb9fb262b62124a5591704	esm_cosine_top1	own	2	0	0.0	0.0	False
39ae61064d5a82f145381594fb3f6680d8cd6577f58ad9c94cd99f03a5d44662	protein_cold:p1:cNone	bfb84897adf63058ca583a09b506f81f0661298bffeb9fb262b62124a5591704	mmseqs_top1	common	0	0	0.0	0.0	False
39ae61064d5a82f145381594fb3f6680d8cd6577f58ad9c94cd99f03a5d44662	protein_cold:p1:cNone	bfb84897adf63058ca583a09b506f81f0661298bffeb9fb262b62124a5591704	esm_cosine_top1	common	0	0	0.0	0.0	False
3f380f88a54b8c0bed83425a826405a0338d970aa6edcdd677c492b2abd70624	protein_cold:p1:cNone	bfb84897adf63058ca583a09b506f81f0661298bffeb9fb262b62124a5591704	mmseqs_top1	own	15	0	0.0	0.0	False
3f380f88a54b8c0bed83425a826405a0338d970aa6edcdd677c492b2abd70624	protein_cold:p1:cNone	bfb84897adf63058ca583a09b506f81f0661298bffeb9fb262b62124a5591704	esm_cosine_top1	own	1	0	0.0	0.0	False
3f380f88a54b8c0bed83425a826405a0338d970aa6edcdd677c492b2abd70624	protein_cold:p1:cNone	bfb84897adf63058ca583a09b506f81f0661298bffeb9fb262b62124a5591704	mmseqs_top1	common	0	0	0.0	0.0	False
3f380f88a54b8c0bed83425a826405a0338d970aa6edcdd677c492b2abd70624	protein_cold:p1:cNone	bfb84897adf63058ca583a09b506f81f0661298bffeb9fb262b62124a5591704	esm_cosine_top1	common	0	0	0.0	0.0	False
513201b5e9cd85ea1a2bf16f34b4e24f4396b3afdbe931c3ea42723a92c35334	protein_cold:p1:cNone	101f25214cc8265040d6b9b1ef88e19fa0dea19714c447c0192ea9e275fb34b3	mmseqs_top1	own	5	1	1.0	0.45666666666666667	True
513201b5e9cd85ea1a2bf16f34b4e24f4396b3afdbe931c3ea42723a92c35334	protein_cold:p1:cNone	101f25214cc8265040d6b9b1ef88e19fa0dea19714c447c0192ea9e275fb34b3	esm_cosine_top1	own	5	1	1.0	0.45666666666666667	True
513201b5e9cd85ea1a2bf16f34b4e24f4396b3afdbe931c3ea42723a92c35334	protein_cold:p1:cNone	101f25214cc8265040d6b9b1ef88e19fa0dea19714c447c0192ea9e275fb34b3	mmseqs_top1	common	5	1	1.0	0.45666666666666667	True
513201b5e9cd85ea1a2bf16f34b4e24f4396b3afdbe931c3ea42723a92c35334	protein_cold:p1:cNone	101f25214cc8265040d6b9b1ef88e19fa0dea19714c447c0192ea9e275fb34b3	esm_cosine_top1	common	5	1	1.0	0.45666666666666667	True
58e6c18ab3f0e9411071ebd2c983d344e8561193673cd7ef52610d768f1b3f20	protein_cold:p1:cNone	c201b9cfa9022d5a18c3332760d8130a8fdf33f47792cfa419d792938b9a1ff6	mmseqs_top1	own	9	0	0.0	0.0	False
58e6c18ab3f0e9411071ebd2c983d344e8561193673cd7ef52610d768f1b3f20	protein_cold:p1:cNone	c201b9cfa9022d5a18c3332760d8130a8fdf33f47792cfa419d792938b9a1ff6	esm_cosine_top1	own	1	0	0.0	0.0	False
58e6c18ab3f0e9411071ebd2c983d344e8561193673cd7ef52610d768f1b3f20	protein_cold:p1:cNone	c201b9cfa9022d5a18c3332760d8130a8fdf33f47792cfa419d792938b9a1ff6	mmseqs_top1	common	0	0	0.0	0.0	False
58e6c18ab3f0e9411071ebd2c983d344e8561193673cd7ef52610d768f1b3f20	protein_cold:p1:cNone	c201b9cfa9022d5a18c3332760d8130a8fdf33f47792cfa419d792938b9a1ff6	esm_cosine_top1	common	0	0	0.0	0.0	False
7480a730a3a3dfb0c79d6f8e88e671b83d8e65cf1a2b0a6facc439bf0260e691	protein_cold:p1:cNone	0efb917a792fe9dfcba2d22e764f32ad73d1321b882eb9373d40a5d61750c597	mmseqs_top1	own	1	0	0.0	0.0	False
7480a730a3a3dfb0c79d6f8e88e671b83d8e65cf1a2b0a6facc439bf0260e691	protein_cold:p1:cNone	0efb917a792fe9dfcba2d22e764f32ad73d1321b882eb9373d40a5d61750c597	esm_cosine_top1	own	5	0	0.0	0.0	False
7480a730a3a3dfb0c79d6f8e88e671b83d8e65cf1a2b0a6facc439bf0260e691	protein_cold:p1:cNone	0efb917a792fe9dfcba2d22e764f32ad73d1321b882eb9373d40a5d61750c597	mmseqs_top1	common	0	0	0.0	0.0	False
7480a730a3a3dfb0c79d6f8e88e671b83d8e65cf1a2b0a6facc439bf0260e691	protein_cold:p1:cNone	0efb917a792fe9dfcba2d22e764f32ad73d1321b882eb9373d40a5d61750c597	esm_cosine_top1	common	0	0	0.0	0.0	False
75ecc7c4f5d52278ce5bd9af96c3e0ed981fe32f94ae85043543a8ed75c5fe63	protein_cold:p1:cNone	95f46ad6fc071838b1e53caa66c906e64803397eabef1be4827e0f17d12eba0d	mmseqs_top1	own	0	0	0.0	0.0	False
75ecc7c4f5d52278ce5bd9af96c3e0ed981fe32f94ae85043543a8ed75c5fe63	protein_cold:p1:cNone	95f46ad6fc071838b1e53caa66c906e64803397eabef1be4827e0f17d12eba0d	esm_cosine_top1	own	2	0	0.0	0.0	False
75ecc7c4f5d52278ce5bd9af96c3e0ed981fe32f94ae85043543a8ed75c5fe63	protein_cold:p1:cNone	95f46ad6fc071838b1e53caa66c906e64803397eabef1be4827e0f17d12eba0d	mmseqs_top1	common	0	0	0.0	0.0	False
75ecc7c4f5d52278ce5bd9af96c3e0ed981fe32f94ae85043543a8ed75c5fe63	protein_cold:p1:cNone	95f46ad6fc071838b1e53caa66c906e64803397eabef1be4827e0f17d12eba0d	esm_cosine_top1	common	0	0	0.0	0.0	False
795ef1b8714a759d9b8cb7fc855b15312511a5c8f9b8be78c081cd7a1cbfe7ba	protein_cold:p1:cNone	2133973704a2820f7ab655a1f449f0e1a0e34aeecc3b5f930fa63a0390512be3	mmseqs_top1	own	52	0	0.0	0.0	False
795ef1b8714a759d9b8cb7fc855b15312511a5c8f9b8be78c081cd7a1cbfe7ba	protein_cold:p1:cNone	2133973704a2820f7ab655a1f449f0e1a0e34aeecc3b5f930fa63a0390512be3	esm_cosine_top1	own	2	0	0.0	0.0	False
795ef1b8714a759d9b8cb7fc855b15312511a5c8f9b8be78c081cd7a1cbfe7ba	protein_cold:p1:cNone	2133973704a2820f7ab655a1f449f0e1a0e34aeecc3b5f930fa63a0390512be3	mmseqs_top1	common	0	0	0.0	0.0	False
795ef1b8714a759d9b8cb7fc855b15312511a5c8f9b8be78c081cd7a1cbfe7ba	protein_cold:p1:cNone	2133973704a2820f7ab655a1f449f0e1a0e34aeecc3b5f930fa63a0390512be3	esm_cosine_top1	common	0	0	0.0	0.0	False
83618860fad41d20f0945e036b4bc270c90e6c96b6ddd84eff31402ffef38fa4	protein_cold:p1:cNone	e38e4fc4997a125c2a363d841252db4a19f7089da43d81f62af933613f076111	mmseqs_top1	own	2	0	0.0	0.0	False
83618860fad41d20f0945e036b4bc270c90e6c96b6ddd84eff31402ffef38fa4	protein_cold:p1:cNone	e38e4fc4997a125c2a363d841252db4a19f7089da43d81f62af933613f076111	esm_cosine_top1	own	1	0	0.0	0.0	False
83618860fad41d20f0945e036b4bc270c90e6c96b6ddd84eff31402ffef38fa4	protein_cold:p1:cNone	e38e4fc4997a125c2a363d841252db4a19f7089da43d81f62af933613f076111	mmseqs_top1	common	0	0	0.0	0.0	False
83618860fad41d20f0945e036b4bc270c90e6c96b6ddd84eff31402ffef38fa4	protein_cold:p1:cNone	e38e4fc4997a125c2a363d841252db4a19f7089da43d81f62af933613f076111	esm_cosine_top1	common	0	0	0.0	0.0	False
8759d02877c2edf1cd747fc987a8e5230be180fb1e10bb4f5b2db0e8fdcf9319	protein_cold:p1:cNone	f921087ef8feda0364766a3a76b8204c58dba949e0cccf29fa1b52449e2d23e8	mmseqs_top1	own	1	0	0.0	0.0	False
8759d02877c2edf1cd747fc987a8e5230be180fb1e10bb4f5b2db0e8fdcf9319	protein_cold:p1:cNone	f921087ef8feda0364766a3a76b8204c58dba949e0cccf29fa1b52449e2d23e8	esm_cosine_top1	own	10	0	0.0	0.0	False
8759d02877c2edf1cd747fc987a8e5230be180fb1e10bb4f5b2db0e8fdcf9319	protein_cold:p1:cNone	f921087ef8feda0364766a3a76b8204c58dba949e0cccf29fa1b52449e2d23e8	mmseqs_top1	common	0	0	0.0	0.0	False
8759d02877c2edf1cd747fc987a8e5230be180fb1e10bb4f5b2db0e8fdcf9319	protein_cold:p1:cNone	f921087ef8feda0364766a3a76b8204c58dba949e0cccf29fa1b52449e2d23e8	esm_cosine_top1	common	0	0	0.0	0.0	False
90595514e8943fb2a0668dc14ea9841297ca49846d9007639f566f839f2e667d	protein_cold:p1:cNone	0efb917a792fe9dfcba2d22e764f32ad73d1321b882eb9373d40a5d61750c597	mmseqs_top1	own	1	0	0.0	0.0	False
90595514e8943fb2a0668dc14ea9841297ca49846d9007639f566f839f2e667d	protein_cold:p1:cNone	0efb917a792fe9dfcba2d22e764f32ad73d1321b882eb9373d40a5d61750c597	esm_cosine_top1	own	8	0	0.0	0.0	False
90595514e8943fb2a0668dc14ea9841297ca49846d9007639f566f839f2e667d	protein_cold:p1:cNone	0efb917a792fe9dfcba2d22e764f32ad73d1321b882eb9373d40a5d61750c597	mmseqs_top1	common	0	0	0.0	0.0	False
90595514e8943fb2a0668dc14ea9841297ca49846d9007639f566f839f2e667d	protein_cold:p1:cNone	0efb917a792fe9dfcba2d22e764f32ad73d1321b882eb9373d40a5d61750c597	esm_cosine_top1	common	0	0	0.0	0.0	False
986c2d55b51e3e18a75785d46dcd2badbec7934d536bf8f9efc8033713322ac2	protein_cold:p1:cNone	bfb84897adf63058ca583a09b506f81f0661298bffeb9fb262b62124a5591704	mmseqs_top1	own	15	0	0.0	0.0	False
986c2d55b51e3e18a75785d46dcd2badbec7934d536bf8f9efc8033713322ac2	protein_cold:p1:cNone	bfb84897adf63058ca583a09b506f81f0661298bffeb9fb262b62124a5591704	esm_cosine_top1	own	4	0	0.0	0.0	False
986c2d55b51e3e18a75785d46dcd2badbec7934d536bf8f9efc8033713322ac2	protein_cold:p1:cNone	bfb84897adf63058ca583a09b506f81f0661298bffeb9fb262b62124a5591704	mmseqs_top1	common	0	0	0.0	0.0	False
986c2d55b51e3e18a75785d46dcd2badbec7934d536bf8f9efc8033713322ac2	protein_cold:p1:cNone	bfb84897adf63058ca583a09b506f81f0661298bffeb9fb262b62124a5591704	esm_cosine_top1	common	0	0	0.0	0.0	False
a947f2e56d64749f375e630b21b9784a464a3d406abf5d7dd9bdc58851df59a1	protein_cold:p1:cNone	2133973704a2820f7ab655a1f449f0e1a0e34aeecc3b5f930fa63a0390512be3	mmseqs_top1	own	52	0	0.0	0.0	False
a947f2e56d64749f375e630b21b9784a464a3d406abf5d7dd9bdc58851df59a1	protein_cold:p1:cNone	2133973704a2820f7ab655a1f449f0e1a0e34aeecc3b5f930fa63a0390512be3	esm_cosine_top1	own	2	0	0.0	0.0	False
a947f2e56d64749f375e630b21b9784a464a3d406abf5d7dd9bdc58851df59a1	protein_cold:p1:cNone	2133973704a2820f7ab655a1f449f0e1a0e34aeecc3b5f930fa63a0390512be3	mmseqs_top1	common	0	0	0.0	0.0	False
a947f2e56d64749f375e630b21b9784a464a3d406abf5d7dd9bdc58851df59a1	protein_cold:p1:cNone	2133973704a2820f7ab655a1f449f0e1a0e34aeecc3b5f930fa63a0390512be3	esm_cosine_top1	common	0	0	0.0	0.0	False
af30d85a6eb343bd711a26e0b4f8c76e7f0d2e505365652dab387f63fb8e24be	protein_cold:p1:cNone	0efb917a792fe9dfcba2d22e764f32ad73d1321b882eb9373d40a5d61750c597	mmseqs_top1	own	1	0	0.0	0.0	False
af30d85a6eb343bd711a26e0b4f8c76e7f0d2e505365652dab387f63fb8e24be	protein_cold:p1:cNone	0efb917a792fe9dfcba2d22e764f32ad73d1321b882eb9373d40a5d61750c597	esm_cosine_top1	own	8	0	0.0	0.0	False
af30d85a6eb343bd711a26e0b4f8c76e7f0d2e505365652dab387f63fb8e24be	protein_cold:p1:cNone	0efb917a792fe9dfcba2d22e764f32ad73d1321b882eb9373d40a5d61750c597	mmseqs_top1	common	0	0	0.0	0.0	False
af30d85a6eb343bd711a26e0b4f8c76e7f0d2e505365652dab387f63fb8e24be	protein_cold:p1:cNone	0efb917a792fe9dfcba2d22e764f32ad73d1321b882eb9373d40a5d61750c597	esm_cosine_top1	common	0	0	0.0	0.0	False
c90d963455be26af8cd296e82a1d00c58d22ea10eff69fe11d20e7b3cda6b090	protein_cold:p1:cNone	bfb84897adf63058ca583a09b506f81f0661298bffeb9fb262b62124a5591704	mmseqs_top1	own	15	0	0.0	0.0	False
c90d963455be26af8cd296e82a1d00c58d22ea10eff69fe11d20e7b3cda6b090	protein_cold:p1:cNone	bfb84897adf63058ca583a09b506f81f0661298bffeb9fb262b62124a5591704	esm_cosine_top1	own	4	0	0.0	0.0	False
c90d963455be26af8cd296e82a1d00c58d22ea10eff69fe11d20e7b3cda6b090	protein_cold:p1:cNone	bfb84897adf63058ca583a09b506f81f0661298bffeb9fb262b62124a5591704	mmseqs_top1	common	0	0	0.0	0.0	False
c90d963455be26af8cd296e82a1d00c58d22ea10eff69fe11d20e7b3cda6b090	protein_cold:p1:cNone	bfb84897adf63058ca583a09b506f81f0661298bffeb9fb262b62124a5591704	esm_cosine_top1	common	0	0	0.0	0.0	False
cd7013ec8e57039d9b93cca81853d8344b42d983d2dba8e095e0e61c7e803cfb	protein_cold:p1:cNone	0efb917a792fe9dfcba2d22e764f32ad73d1321b882eb9373d40a5d61750c597	mmseqs_top1	own	1	0	0.0	0.0	False
cd7013ec8e57039d9b93cca81853d8344b42d983d2dba8e095e0e61c7e803cfb	protein_cold:p1:cNone	0efb917a792fe9dfcba2d22e764f32ad73d1321b882eb9373d40a5d61750c597	esm_cosine_top1	own	1	0	0.0	0.0	False
cd7013ec8e57039d9b93cca81853d8344b42d983d2dba8e095e0e61c7e803cfb	protein_cold:p1:cNone	0efb917a792fe9dfcba2d22e764f32ad73d1321b882eb9373d40a5d61750c597	mmseqs_top1	common	0	0	0.0	0.0	False
cd7013ec8e57039d9b93cca81853d8344b42d983d2dba8e095e0e61c7e803cfb	protein_cold:p1:cNone	0efb917a792fe9dfcba2d22e764f32ad73d1321b882eb9373d40a5d61750c597	esm_cosine_top1	common	0	0	0.0	0.0	False
14149b4f2b38a988ec3008545aae140e1dd88a87ced68657a72be71db392385b	protein_cold:p2:cNone	78572fed7aac2be4c25cf674dd824172143a9f7f78e1966cece83ec139e994f7	mmseqs_top1	own	8	0	0.0	0.0	False
14149b4f2b38a988ec3008545aae140e1dd88a87ced68657a72be71db392385b	protein_cold:p2:cNone	78572fed7aac2be4c25cf674dd824172143a9f7f78e1966cece83ec139e994f7	esm_cosine_top1	own	5	0	0.0	0.0	False
14149b4f2b38a988ec3008545aae140e1dd88a87ced68657a72be71db392385b	protein_cold:p2:cNone	78572fed7aac2be4c25cf674dd824172143a9f7f78e1966cece83ec139e994f7	mmseqs_top1	common	0	0	0.0	0.0	False
14149b4f2b38a988ec3008545aae140e1dd88a87ced68657a72be71db392385b	protein_cold:p2:cNone	78572fed7aac2be4c25cf674dd824172143a9f7f78e1966cece83ec139e994f7	esm_cosine_top1	common	0	0	0.0	0.0	False
14269a668e47805768f1348ff23615c5d03b336599133e2ca35d447338f677a4	protein_cold:p2:cNone	78572fed7aac2be4c25cf674dd824172143a9f7f78e1966cece83ec139e994f7	mmseqs_top1	own	3	0	0.0	0.0	False
14269a668e47805768f1348ff23615c5d03b336599133e2ca35d447338f677a4	protein_cold:p2:cNone	78572fed7aac2be4c25cf674dd824172143a9f7f78e1966cece83ec139e994f7	esm_cosine_top1	own	15	0	0.0	0.0	False
14269a668e47805768f1348ff23615c5d03b336599133e2ca35d447338f677a4	protein_cold:p2:cNone	78572fed7aac2be4c25cf674dd824172143a9f7f78e1966cece83ec139e994f7	mmseqs_top1	common	0	0	0.0	0.0	False
14269a668e47805768f1348ff23615c5d03b336599133e2ca35d447338f677a4	protein_cold:p2:cNone	78572fed7aac2be4c25cf674dd824172143a9f7f78e1966cece83ec139e994f7	esm_cosine_top1	common	0	0	0.0	0.0	False
160605d75962a592ceb6bcb0cea5bf339c3f9f707d4206bedc5efed11e839ef1	protein_cold:p2:cNone	d551cc29eea54e1c5e190c338947747867b27af42e091df6f887818dfafc9809	mmseqs_top1	own	2	0	0.0	0.0	False
160605d75962a592ceb6bcb0cea5bf339c3f9f707d4206bedc5efed11e839ef1	protein_cold:p2:cNone	d551cc29eea54e1c5e190c338947747867b27af42e091df6f887818dfafc9809	esm_cosine_top1	own	8	0	0.0	0.0	False
160605d75962a592ceb6bcb0cea5bf339c3f9f707d4206bedc5efed11e839ef1	protein_cold:p2:cNone	d551cc29eea54e1c5e190c338947747867b27af42e091df6f887818dfafc9809	mmseqs_top1	common	0	0	0.0	0.0	False
160605d75962a592ceb6bcb0cea5bf339c3f9f707d4206bedc5efed11e839ef1	protein_cold:p2:cNone	d551cc29eea54e1c5e190c338947747867b27af42e091df6f887818dfafc9809	esm_cosine_top1	common	0	0	0.0	0.0	False
1acd4018cfb7c8413675ddcb546e4b146c424daad5812198efefd87cdd5d554d	protein_cold:p2:cNone	78572fed7aac2be4c25cf674dd824172143a9f7f78e1966cece83ec139e994f7	mmseqs_top1	own	3	0	0.0	0.0	False
1acd4018cfb7c8413675ddcb546e4b146c424daad5812198efefd87cdd5d554d	protein_cold:p2:cNone	78572fed7aac2be4c25cf674dd824172143a9f7f78e1966cece83ec139e994f7	esm_cosine_top1	own	2	0	0.0	0.0	False
1acd4018cfb7c8413675ddcb546e4b146c424daad5812198efefd87cdd5d554d	protein_cold:p2:cNone	78572fed7aac2be4c25cf674dd824172143a9f7f78e1966cece83ec139e994f7	mmseqs_top1	common	0	0	0.0	0.0	False
1acd4018cfb7c8413675ddcb546e4b146c424daad5812198efefd87cdd5d554d	protein_cold:p2:cNone	78572fed7aac2be4c25cf674dd824172143a9f7f78e1966cece83ec139e994f7	esm_cosine_top1	common	0	0	0.0	0.0	False
2357a72fbe2395cf0ece6f4d903b528ba0fe918807ff5c598ed54414e27839a4	protein_cold:p2:cNone	78572fed7aac2be4c25cf674dd824172143a9f7f78e1966cece83ec139e994f7	mmseqs_top1	own	8	0	0.0	0.0	False
2357a72fbe2395cf0ece6f4d903b528ba0fe918807ff5c598ed54414e27839a4	protein_cold:p2:cNone	78572fed7aac2be4c25cf674dd824172143a9f7f78e1966cece83ec139e994f7	esm_cosine_top1	own	15	0	0.0	0.0	False
2357a72fbe2395cf0ece6f4d903b528ba0fe918807ff5c598ed54414e27839a4	protein_cold:p2:cNone	78572fed7aac2be4c25cf674dd824172143a9f7f78e1966cece83ec139e994f7	mmseqs_top1	common	0	0	0.0	0.0	False
2357a72fbe2395cf0ece6f4d903b528ba0fe918807ff5c598ed54414e27839a4	protein_cold:p2:cNone	78572fed7aac2be4c25cf674dd824172143a9f7f78e1966cece83ec139e994f7	esm_cosine_top1	common	0	0	0.0	0.0	False
29814f641d12785f3b5528f2d68e623d1bded719c81cd0f47d88aed9ae467f4a	protein_cold:p2:cNone	199b31330d7b051d764ea0ed98e5534d71adc32bd2a33f5852ce8c7edce1b3b0	mmseqs_top1	own	4	0	0.0	0.0	False
29814f641d12785f3b5528f2d68e623d1bded719c81cd0f47d88aed9ae467f4a	protein_cold:p2:cNone	199b31330d7b051d764ea0ed98e5534d71adc32bd2a33f5852ce8c7edce1b3b0	esm_cosine_top1	own	4	0	0.0	0.0	False
29814f641d12785f3b5528f2d68e623d1bded719c81cd0f47d88aed9ae467f4a	protein_cold:p2:cNone	199b31330d7b051d764ea0ed98e5534d71adc32bd2a33f5852ce8c7edce1b3b0	mmseqs_top1	common	4	0	0.0	0.0	False
29814f641d12785f3b5528f2d68e623d1bded719c81cd0f47d88aed9ae467f4a	protein_cold:p2:cNone	199b31330d7b051d764ea0ed98e5534d71adc32bd2a33f5852ce8c7edce1b3b0	esm_cosine_top1	common	4	0	0.0	0.0	False
3f891626b6684fc43355f4146b0d0aad6273d9d39670b42340a49cff79fa8d24	protein_cold:p2:cNone	78572fed7aac2be4c25cf674dd824172143a9f7f78e1966cece83ec139e994f7	mmseqs_top1	own	2	1	0.5	0.75	True
3f891626b6684fc43355f4146b0d0aad6273d9d39670b42340a49cff79fa8d24	protein_cold:p2:cNone	78572fed7aac2be4c25cf674dd824172143a9f7f78e1966cece83ec139e994f7	esm_cosine_top1	own	3	1	0.5	0.611111111111111	True
3f891626b6684fc43355f4146b0d0aad6273d9d39670b42340a49cff79fa8d24	protein_cold:p2:cNone	78572fed7aac2be4c25cf674dd824172143a9f7f78e1966cece83ec139e994f7	mmseqs_top1	common	0	0	0.0	0.0	False
3f891626b6684fc43355f4146b0d0aad6273d9d39670b42340a49cff79fa8d24	protein_cold:p2:cNone	78572fed7aac2be4c25cf674dd824172143a9f7f78e1966cece83ec139e994f7	esm_cosine_top1	common	0	0	0.0	0.0	False
41602ac954bd7960f8b7c8d6c714e3304a81ff2df480f34d2cc2d657fde7978a	protein_cold:p2:cNone	78572fed7aac2be4c25cf674dd824172143a9f7f78e1966cece83ec139e994f7	mmseqs_top1	own	8	0	0.0	0.0	False
41602ac954bd7960f8b7c8d6c714e3304a81ff2df480f34d2cc2d657fde7978a	protein_cold:p2:cNone	78572fed7aac2be4c25cf674dd824172143a9f7f78e1966cece83ec139e994f7	esm_cosine_top1	own	15	1	0.14285714285714285	0.22121526621526622	True
41602ac954bd7960f8b7c8d6c714e3304a81ff2df480f34d2cc2d657fde7978a	protein_cold:p2:cNone	78572fed7aac2be4c25cf674dd824172143a9f7f78e1966cece83ec139e994f7	mmseqs_top1	common	0	0	0.0	0.0	False
41602ac954bd7960f8b7c8d6c714e3304a81ff2df480f34d2cc2d657fde7978a	protein_cold:p2:cNone	78572fed7aac2be4c25cf674dd824172143a9f7f78e1966cece83ec139e994f7	esm_cosine_top1	common	0	0	0.0	0.0	False
43d1aef7da3f57e106b5905205830b5b60617c9c6ae7e6a2752b95706a364803	protein_cold:p2:cNone	78572fed7aac2be4c25cf674dd824172143a9f7f78e1966cece83ec139e994f7	mmseqs_top1	own	8	0	0.0	0.0	False
43d1aef7da3f57e106b5905205830b5b60617c9c6ae7e6a2752b95706a364803	protein_cold:p2:cNone	78572fed7aac2be4c25cf674dd824172143a9f7f78e1966cece83ec139e994f7	esm_cosine_top1	own	10	1	1.0	0.29289682539682543	True
43d1aef7da3f57e106b5905205830b5b60617c9c6ae7e6a2752b95706a364803	protein_cold:p2:cNone	78572fed7aac2be4c25cf674dd824172143a9f7f78e1966cece83ec139e994f7	mmseqs_top1	common	0	0	0.0	0.0	False
43d1aef7da3f57e106b5905205830b5b60617c9c6ae7e6a2752b95706a364803	protein_cold:p2:cNone	78572fed7aac2be4c25cf674dd824172143a9f7f78e1966cece83ec139e994f7	esm_cosine_top1	common	0	0	0.0	0.0	False
710828fae7cc7f64f30608df32c9c643bdfd173c6fe5bf8171d6de669a9cfcf4	protein_cold:p2:cNone	d551cc29eea54e1c5e190c338947747867b27af42e091df6f887818dfafc9809	mmseqs_top1	own	2	0	0.0	0.0	False
710828fae7cc7f64f30608df32c9c643bdfd173c6fe5bf8171d6de669a9cfcf4	protein_cold:p2:cNone	d551cc29eea54e1c5e190c338947747867b27af42e091df6f887818dfafc9809	esm_cosine_top1	own	3	0	0.0	0.0	False
710828fae7cc7f64f30608df32c9c643bdfd173c6fe5bf8171d6de669a9cfcf4	protein_cold:p2:cNone	d551cc29eea54e1c5e190c338947747867b27af42e091df6f887818dfafc9809	mmseqs_top1	common	0	0	0.0	0.0	False
710828fae7cc7f64f30608df32c9c643bdfd173c6fe5bf8171d6de669a9cfcf4	protein_cold:p2:cNone	d551cc29eea54e1c5e190c338947747867b27af42e091df6f887818dfafc9809	esm_cosine_top1	common	0	0	0.0	0.0	False
7b6cfcfa50f9a9a5152dd688648fb19728833345fe619e1837946ea5df4987bb	protein_cold:p2:cNone	78572fed7aac2be4c25cf674dd824172143a9f7f78e1966cece83ec139e994f7	mmseqs_top1	own	2	0	0.0	0.0	False
7b6cfcfa50f9a9a5152dd688648fb19728833345fe619e1837946ea5df4987bb	protein_cold:p2:cNone	78572fed7aac2be4c25cf674dd824172143a9f7f78e1966cece83ec139e994f7	esm_cosine_top1	own	3	0	0.0	0.0	False
7b6cfcfa50f9a9a5152dd688648fb19728833345fe619e1837946ea5df4987bb	protein_cold:p2:cNone	78572fed7aac2be4c25cf674dd824172143a9f7f78e1966cece83ec139e994f7	mmseqs_top1	common	0	0	0.0	0.0	False
7b6cfcfa50f9a9a5152dd688648fb19728833345fe619e1837946ea5df4987bb	protein_cold:p2:cNone	78572fed7aac2be4c25cf674dd824172143a9f7f78e1966cece83ec139e994f7	esm_cosine_top1	common	0	0	0.0	0.0	False
8ec27a4eea1601958f56757837d36842a51456a8b6100ef7024f8c03ffc5cfe6	protein_cold:p2:cNone	199b31330d7b051d764ea0ed98e5534d71adc32bd2a33f5852ce8c7edce1b3b0	mmseqs_top1	own	4	4	1.0	1.0	True
8ec27a4eea1601958f56757837d36842a51456a8b6100ef7024f8c03ffc5cfe6	protein_cold:p2:cNone	199b31330d7b051d764ea0ed98e5534d71adc32bd2a33f5852ce8c7edce1b3b0	esm_cosine_top1	own	4	4	1.0	1.0	True
8ec27a4eea1601958f56757837d36842a51456a8b6100ef7024f8c03ffc5cfe6	protein_cold:p2:cNone	199b31330d7b051d764ea0ed98e5534d71adc32bd2a33f5852ce8c7edce1b3b0	mmseqs_top1	common	4	4	1.0	1.0	True
8ec27a4eea1601958f56757837d36842a51456a8b6100ef7024f8c03ffc5cfe6	protein_cold:p2:cNone	199b31330d7b051d764ea0ed98e5534d71adc32bd2a33f5852ce8c7edce1b3b0	esm_cosine_top1	common	4	4	1.0	1.0	True
97cc90127c7b267708045d2c41572046eb32f19ec29c027358e34ab4cef70b02	protein_cold:p2:cNone	78572fed7aac2be4c25cf674dd824172143a9f7f78e1966cece83ec139e994f7	mmseqs_top1	own	8	0	0.0	0.0	False
97cc90127c7b267708045d2c41572046eb32f19ec29c027358e34ab4cef70b02	protein_cold:p2:cNone	78572fed7aac2be4c25cf674dd824172143a9f7f78e1966cece83ec139e994f7	esm_cosine_top1	own	2	0	0.0	0.0	False
97cc90127c7b267708045d2c41572046eb32f19ec29c027358e34ab4cef70b02	protein_cold:p2:cNone	78572fed7aac2be4c25cf674dd824172143a9f7f78e1966cece83ec139e994f7	mmseqs_top1	common	0	0	0.0	0.0	False
97cc90127c7b267708045d2c41572046eb32f19ec29c027358e34ab4cef70b02	protein_cold:p2:cNone	78572fed7aac2be4c25cf674dd824172143a9f7f78e1966cece83ec139e994f7	esm_cosine_top1	common	0	0	0.0	0.0	False
b2ca51e85ff94f1d2d194af10d1fac9136b4c37041f0f6765779d47d8a81ce9a	protein_cold:p2:cNone	b02aac5e25063d174fd468bc4bd6a8fd5b59fdbcf58e8fbfd069785fb92e7ca9	mmseqs_top1	own	2	0	0.0	0.0	False
b2ca51e85ff94f1d2d194af10d1fac9136b4c37041f0f6765779d47d8a81ce9a	protein_cold:p2:cNone	b02aac5e25063d174fd468bc4bd6a8fd5b59fdbcf58e8fbfd069785fb92e7ca9	esm_cosine_top1	own	2	0	0.0	0.0	False
b2ca51e85ff94f1d2d194af10d1fac9136b4c37041f0f6765779d47d8a81ce9a	protein_cold:p2:cNone	b02aac5e25063d174fd468bc4bd6a8fd5b59fdbcf58e8fbfd069785fb92e7ca9	mmseqs_top1	common	0	0	0.0	0.0	False
b2ca51e85ff94f1d2d194af10d1fac9136b4c37041f0f6765779d47d8a81ce9a	protein_cold:p2:cNone	b02aac5e25063d174fd468bc4bd6a8fd5b59fdbcf58e8fbfd069785fb92e7ca9	esm_cosine_top1	common	0	0	0.0	0.0	False
b5fab524f31a5906cfb499b0bdfe8e85a1d213417dea6ac79605fe0dae0b6417	protein_cold:p2:cNone	78572fed7aac2be4c25cf674dd824172143a9f7f78e1966cece83ec139e994f7	mmseqs_top1	own	3	0	0.0	0.0	False
b5fab524f31a5906cfb499b0bdfe8e85a1d213417dea6ac79605fe0dae0b6417	protein_cold:p2:cNone	78572fed7aac2be4c25cf674dd824172143a9f7f78e1966cece83ec139e994f7	esm_cosine_top1	own	3	1	0.5	0.611111111111111	True
b5fab524f31a5906cfb499b0bdfe8e85a1d213417dea6ac79605fe0dae0b6417	protein_cold:p2:cNone	78572fed7aac2be4c25cf674dd824172143a9f7f78e1966cece83ec139e994f7	mmseqs_top1	common	0	0	0.0	0.0	False
b5fab524f31a5906cfb499b0bdfe8e85a1d213417dea6ac79605fe0dae0b6417	protein_cold:p2:cNone	78572fed7aac2be4c25cf674dd824172143a9f7f78e1966cece83ec139e994f7	esm_cosine_top1	common	0	0	0.0	0.0	False
ba32ffd2aa8ed96bfeb454fa66fce164c7372150c3306a7baece36ff7f2b1532	protein_cold:p2:cNone	78572fed7aac2be4c25cf674dd824172143a9f7f78e1966cece83ec139e994f7	mmseqs_top1	own	1	0	0.0	0.0	False
ba32ffd2aa8ed96bfeb454fa66fce164c7372150c3306a7baece36ff7f2b1532	protein_cold:p2:cNone	78572fed7aac2be4c25cf674dd824172143a9f7f78e1966cece83ec139e994f7	esm_cosine_top1	own	2	0	0.0	0.0	False
ba32ffd2aa8ed96bfeb454fa66fce164c7372150c3306a7baece36ff7f2b1532	protein_cold:p2:cNone	78572fed7aac2be4c25cf674dd824172143a9f7f78e1966cece83ec139e994f7	mmseqs_top1	common	0	0	0.0	0.0	False
ba32ffd2aa8ed96bfeb454fa66fce164c7372150c3306a7baece36ff7f2b1532	protein_cold:p2:cNone	78572fed7aac2be4c25cf674dd824172143a9f7f78e1966cece83ec139e994f7	esm_cosine_top1	common	0	0	0.0	0.0	False
c08d37e9b9741f4a5127f595dc2455f6f63f204e585751c7b1c65e1e661c8a1e	protein_cold:p2:cNone	78572fed7aac2be4c25cf674dd824172143a9f7f78e1966cece83ec139e994f7	mmseqs_top1	own	2	0	0.0	0.0	False
c08d37e9b9741f4a5127f595dc2455f6f63f204e585751c7b1c65e1e661c8a1e	protein_cold:p2:cNone	78572fed7aac2be4c25cf674dd824172143a9f7f78e1966cece83ec139e994f7	esm_cosine_top1	own	3	0	0.0	0.0	False
c08d37e9b9741f4a5127f595dc2455f6f63f204e585751c7b1c65e1e661c8a1e	protein_cold:p2:cNone	78572fed7aac2be4c25cf674dd824172143a9f7f78e1966cece83ec139e994f7	mmseqs_top1	common	0	0	0.0	0.0	False
c08d37e9b9741f4a5127f595dc2455f6f63f204e585751c7b1c65e1e661c8a1e	protein_cold:p2:cNone	78572fed7aac2be4c25cf674dd824172143a9f7f78e1966cece83ec139e994f7	esm_cosine_top1	common	0	0	0.0	0.0	False
cbc009f84e691f703b45b7878b2996b614428bf3a092ddebd8ca5c770708f8c7	protein_cold:p2:cNone	1f3099ced8be95b5b383a7f15cb893325978d4f634a3bde10c75dc1c2c4b060b	mmseqs_top1	own	4	0	0.0	0.0	False
cbc009f84e691f703b45b7878b2996b614428bf3a092ddebd8ca5c770708f8c7	protein_cold:p2:cNone	1f3099ced8be95b5b383a7f15cb893325978d4f634a3bde10c75dc1c2c4b060b	esm_cosine_top1	own	2	0	0.0	0.0	False
cbc009f84e691f703b45b7878b2996b614428bf3a092ddebd8ca5c770708f8c7	protein_cold:p2:cNone	1f3099ced8be95b5b383a7f15cb893325978d4f634a3bde10c75dc1c2c4b060b	mmseqs_top1	common	0	0	0.0	0.0	False
cbc009f84e691f703b45b7878b2996b614428bf3a092ddebd8ca5c770708f8c7	protein_cold:p2:cNone	1f3099ced8be95b5b383a7f15cb893325978d4f634a3bde10c75dc1c2c4b060b	esm_cosine_top1	common	0	0	0.0	0.0	False
d568f19d7e070c839a9c80b9d6f30d0cf6a0007bcb05d24f5ea1d705b4671e57	protein_cold:p2:cNone	78572fed7aac2be4c25cf674dd824172143a9f7f78e1966cece83ec139e994f7	mmseqs_top1	own	8	0	0.0	0.0	False
d568f19d7e070c839a9c80b9d6f30d0cf6a0007bcb05d24f5ea1d705b4671e57	protein_cold:p2:cNone	78572fed7aac2be4c25cf674dd824172143a9f7f78e1966cece83ec139e994f7	esm_cosine_top1	own	4	0	0.0	0.0	False
d568f19d7e070c839a9c80b9d6f30d0cf6a0007bcb05d24f5ea1d705b4671e57	protein_cold:p2:cNone	78572fed7aac2be4c25cf674dd824172143a9f7f78e1966cece83ec139e994f7	mmseqs_top1	common	0	0	0.0	0.0	False
d568f19d7e070c839a9c80b9d6f30d0cf6a0007bcb05d24f5ea1d705b4671e57	protein_cold:p2:cNone	78572fed7aac2be4c25cf674dd824172143a9f7f78e1966cece83ec139e994f7	esm_cosine_top1	common	0	0	0.0	0.0	False
d98b2269ed529294b838f8aa92181c343c8be8aaa38704c019ad61866028ee6d	protein_cold:p2:cNone	d551cc29eea54e1c5e190c338947747867b27af42e091df6f887818dfafc9809	mmseqs_top1	own	2	0	0.0	0.0	False
d98b2269ed529294b838f8aa92181c343c8be8aaa38704c019ad61866028ee6d	protein_cold:p2:cNone	d551cc29eea54e1c5e190c338947747867b27af42e091df6f887818dfafc9809	esm_cosine_top1	own	3	0	0.0	0.0	False
d98b2269ed529294b838f8aa92181c343c8be8aaa38704c019ad61866028ee6d	protein_cold:p2:cNone	d551cc29eea54e1c5e190c338947747867b27af42e091df6f887818dfafc9809	mmseqs_top1	common	0	0	0.0	0.0	False
d98b2269ed529294b838f8aa92181c343c8be8aaa38704c019ad61866028ee6d	protein_cold:p2:cNone	d551cc29eea54e1c5e190c338947747867b27af42e091df6f887818dfafc9809	esm_cosine_top1	common	0	0	0.0	0.0	False
de04f9630513c8afdb8db02ad274c711bbd233095f4cd18e0a1171dac47c601c	protein_cold:p2:cNone	78572fed7aac2be4c25cf674dd824172143a9f7f78e1966cece83ec139e994f7	mmseqs_top1	own	8	0	0.0	0.0	False
de04f9630513c8afdb8db02ad274c711bbd233095f4cd18e0a1171dac47c601c	protein_cold:p2:cNone	78572fed7aac2be4c25cf674dd824172143a9f7f78e1966cece83ec139e994f7	esm_cosine_top1	own	6	0	0.0	0.0	False
de04f9630513c8afdb8db02ad274c711bbd233095f4cd18e0a1171dac47c601c	protein_cold:p2:cNone	78572fed7aac2be4c25cf674dd824172143a9f7f78e1966cece83ec139e994f7	mmseqs_top1	common	0	0	0.0	0.0	False
de04f9630513c8afdb8db02ad274c711bbd233095f4cd18e0a1171dac47c601c	protein_cold:p2:cNone	78572fed7aac2be4c25cf674dd824172143a9f7f78e1966cece83ec139e994f7	esm_cosine_top1	common	0	0	0.0	0.0	False
e1364eb02ed3a31acc17e6cd875d8634ceb6a67a21ec1f1d8eb3d0753e310ade	protein_cold:p2:cNone	78572fed7aac2be4c25cf674dd824172143a9f7f78e1966cece83ec139e994f7	mmseqs_top1	own	1	0	0.0	0.0	False
e1364eb02ed3a31acc17e6cd875d8634ceb6a67a21ec1f1d8eb3d0753e310ade	protein_cold:p2:cNone	78572fed7aac2be4c25cf674dd824172143a9f7f78e1966cece83ec139e994f7	esm_cosine_top1	own	2	0	0.0	0.0	False
e1364eb02ed3a31acc17e6cd875d8634ceb6a67a21ec1f1d8eb3d0753e310ade	protein_cold:p2:cNone	78572fed7aac2be4c25cf674dd824172143a9f7f78e1966cece83ec139e994f7	mmseqs_top1	common	0	0	0.0	0.0	False
e1364eb02ed3a31acc17e6cd875d8634ceb6a67a21ec1f1d8eb3d0753e310ade	protein_cold:p2:cNone	78572fed7aac2be4c25cf674dd824172143a9f7f78e1966cece83ec139e994f7	esm_cosine_top1	common	0	0	0.0	0.0	False
e352148e1fa2edc3f335f6fd5c3860cea8d9b444111c39f9a44dfb1cc5854d0b	protein_cold:p2:cNone	78572fed7aac2be4c25cf674dd824172143a9f7f78e1966cece83ec139e994f7	mmseqs_top1	own	2	0	0.0	0.0	False
e352148e1fa2edc3f335f6fd5c3860cea8d9b444111c39f9a44dfb1cc5854d0b	protein_cold:p2:cNone	78572fed7aac2be4c25cf674dd824172143a9f7f78e1966cece83ec139e994f7	esm_cosine_top1	own	3	0	0.0	0.0	False
e352148e1fa2edc3f335f6fd5c3860cea8d9b444111c39f9a44dfb1cc5854d0b	protein_cold:p2:cNone	78572fed7aac2be4c25cf674dd824172143a9f7f78e1966cece83ec139e994f7	mmseqs_top1	common	0	0	0.0	0.0	False
e352148e1fa2edc3f335f6fd5c3860cea8d9b444111c39f9a44dfb1cc5854d0b	protein_cold:p2:cNone	78572fed7aac2be4c25cf674dd824172143a9f7f78e1966cece83ec139e994f7	esm_cosine_top1	common	0	0	0.0	0.0	False
eeb666febf7ab51317422e0d871b59d395f3c4ea2ee6a77181e1389b4360bcbe	protein_cold:p2:cNone	78572fed7aac2be4c25cf674dd824172143a9f7f78e1966cece83ec139e994f7	mmseqs_top1	own	3	0	0.0	0.0	False
eeb666febf7ab51317422e0d871b59d395f3c4ea2ee6a77181e1389b4360bcbe	protein_cold:p2:cNone	78572fed7aac2be4c25cf674dd824172143a9f7f78e1966cece83ec139e994f7	esm_cosine_top1	own	5	0	0.0	0.0	False
eeb666febf7ab51317422e0d871b59d395f3c4ea2ee6a77181e1389b4360bcbe	protein_cold:p2:cNone	78572fed7aac2be4c25cf674dd824172143a9f7f78e1966cece83ec139e994f7	mmseqs_top1	common	0	0	0.0	0.0	False
eeb666febf7ab51317422e0d871b59d395f3c4ea2ee6a77181e1389b4360bcbe	protein_cold:p2:cNone	78572fed7aac2be4c25cf674dd824172143a9f7f78e1966cece83ec139e994f7	esm_cosine_top1	common	0	0	0.0	0.0	False
f564a44324d90f58ffeeb59e3b73f18eb5169ccd9fdd41b7628e3074aeb0364a	protein_cold:p2:cNone	78572fed7aac2be4c25cf674dd824172143a9f7f78e1966cece83ec139e994f7	mmseqs_top1	own	1	0	0.0	0.0	False
f564a44324d90f58ffeeb59e3b73f18eb5169ccd9fdd41b7628e3074aeb0364a	protein_cold:p2:cNone	78572fed7aac2be4c25cf674dd824172143a9f7f78e1966cece83ec139e994f7	esm_cosine_top1	own	15	0	0.0	0.0	False
f564a44324d90f58ffeeb59e3b73f18eb5169ccd9fdd41b7628e3074aeb0364a	protein_cold:p2:cNone	78572fed7aac2be4c25cf674dd824172143a9f7f78e1966cece83ec139e994f7	mmseqs_top1	common	0	0	0.0	0.0	False
f564a44324d90f58ffeeb59e3b73f18eb5169ccd9fdd41b7628e3074aeb0364a	protein_cold:p2:cNone	78572fed7aac2be4c25cf674dd824172143a9f7f78e1966cece83ec139e994f7	esm_cosine_top1	common	0	0	0.0	0.0	False
f8470a0679f6633a3e979f9ce6cc30180ceeb4b9041e3c8c9c2b1f7d28acb3a0	protein_cold:p2:cNone	78572fed7aac2be4c25cf674dd824172143a9f7f78e1966cece83ec139e994f7	mmseqs_top1	own	3	0	0.0	0.0	False
f8470a0679f6633a3e979f9ce6cc30180ceeb4b9041e3c8c9c2b1f7d28acb3a0	protein_cold:p2:cNone	78572fed7aac2be4c25cf674dd824172143a9f7f78e1966cece83ec139e994f7	esm_cosine_top1	own	3	1	0.5	0.611111111111111	True
f8470a0679f6633a3e979f9ce6cc30180ceeb4b9041e3c8c9c2b1f7d28acb3a0	protein_cold:p2:cNone	78572fed7aac2be4c25cf674dd824172143a9f7f78e1966cece83ec139e994f7	mmseqs_top1	common	0	0	0.0	0.0	False
f8470a0679f6633a3e979f9ce6cc30180ceeb4b9041e3c8c9c2b1f7d28acb3a0	protein_cold:p2:cNone	78572fed7aac2be4c25cf674dd824172143a9f7f78e1966cece83ec139e994f7	esm_cosine_top1	common	0	0	0.0	0.0	False
074d83dd22e47689710400813d056a3f2fff469d91f76d4b4a83ba6a6f6c80ce	protein_cold:p3:cNone	9e531b02da59435cd98a4bfc7bb453dc85cb784101303b74bdcac0ebf554e132	mmseqs_top1	own	6	0	0.0	0.0	False
074d83dd22e47689710400813d056a3f2fff469d91f76d4b4a83ba6a6f6c80ce	protein_cold:p3:cNone	9e531b02da59435cd98a4bfc7bb453dc85cb784101303b74bdcac0ebf554e132	esm_cosine_top1	own	4	0	0.0	0.0	False
074d83dd22e47689710400813d056a3f2fff469d91f76d4b4a83ba6a6f6c80ce	protein_cold:p3:cNone	9e531b02da59435cd98a4bfc7bb453dc85cb784101303b74bdcac0ebf554e132	mmseqs_top1	common	0	0	0.0	0.0	False
074d83dd22e47689710400813d056a3f2fff469d91f76d4b4a83ba6a6f6c80ce	protein_cold:p3:cNone	9e531b02da59435cd98a4bfc7bb453dc85cb784101303b74bdcac0ebf554e132	esm_cosine_top1	common	0	0	0.0	0.0	False
09d5e687018c8965c87eb36f51037025ea589cbdecb0b62255fd1fe17f404174	protein_cold:p3:cNone	9e531b02da59435cd98a4bfc7bb453dc85cb784101303b74bdcac0ebf554e132	mmseqs_top1	own	2	0	0.0	0.0	False
09d5e687018c8965c87eb36f51037025ea589cbdecb0b62255fd1fe17f404174	protein_cold:p3:cNone	9e531b02da59435cd98a4bfc7bb453dc85cb784101303b74bdcac0ebf554e132	esm_cosine_top1	own	10	0	0.0	0.0	False
09d5e687018c8965c87eb36f51037025ea589cbdecb0b62255fd1fe17f404174	protein_cold:p3:cNone	9e531b02da59435cd98a4bfc7bb453dc85cb784101303b74bdcac0ebf554e132	mmseqs_top1	common	0	0	0.0	0.0	False
09d5e687018c8965c87eb36f51037025ea589cbdecb0b62255fd1fe17f404174	protein_cold:p3:cNone	9e531b02da59435cd98a4bfc7bb453dc85cb784101303b74bdcac0ebf554e132	esm_cosine_top1	common	0	0	0.0	0.0	False
16679c995f86004f03ddc1c5b55682a0adb5a29fa24484746a97475b9034bcb2	protein_cold:p3:cNone	866c30e4e2bc77b100a60f171be9005651bcec7844b330282461a4f21eabd163	mmseqs_top1	own	1	0	0.0	0.0	False
16679c995f86004f03ddc1c5b55682a0adb5a29fa24484746a97475b9034bcb2	protein_cold:p3:cNone	866c30e4e2bc77b100a60f171be9005651bcec7844b330282461a4f21eabd163	esm_cosine_top1	own	10	0	0.0	0.0	False
16679c995f86004f03ddc1c5b55682a0adb5a29fa24484746a97475b9034bcb2	protein_cold:p3:cNone	866c30e4e2bc77b100a60f171be9005651bcec7844b330282461a4f21eabd163	mmseqs_top1	common	0	0	0.0	0.0	False
16679c995f86004f03ddc1c5b55682a0adb5a29fa24484746a97475b9034bcb2	protein_cold:p3:cNone	866c30e4e2bc77b100a60f171be9005651bcec7844b330282461a4f21eabd163	esm_cosine_top1	common	0	0	0.0	0.0	False
1d45d3948310512d51316692544312163f43cca80db3839fd572cf41ac607c43	protein_cold:p3:cNone	9e531b02da59435cd98a4bfc7bb453dc85cb784101303b74bdcac0ebf554e132	mmseqs_top1	own	2	0	0.0	0.0	False
1d45d3948310512d51316692544312163f43cca80db3839fd572cf41ac607c43	protein_cold:p3:cNone	9e531b02da59435cd98a4bfc7bb453dc85cb784101303b74bdcac0ebf554e132	esm_cosine_top1	own	2	0	0.0	0.0	False
1d45d3948310512d51316692544312163f43cca80db3839fd572cf41ac607c43	protein_cold:p3:cNone	9e531b02da59435cd98a4bfc7bb453dc85cb784101303b74bdcac0ebf554e132	mmseqs_top1	common	0	0	0.0	0.0	False
1d45d3948310512d51316692544312163f43cca80db3839fd572cf41ac607c43	protein_cold:p3:cNone	9e531b02da59435cd98a4bfc7bb453dc85cb784101303b74bdcac0ebf554e132	esm_cosine_top1	common	0	0	0.0	0.0	False
3cbdc7754552b8412b86ad816b3de5837b893d585aba272d95487aea75426367	protein_cold:p3:cNone	9e531b02da59435cd98a4bfc7bb453dc85cb784101303b74bdcac0ebf554e132	mmseqs_top1	own	2	0	0.0	0.0	False
3cbdc7754552b8412b86ad816b3de5837b893d585aba272d95487aea75426367	protein_cold:p3:cNone	9e531b02da59435cd98a4bfc7bb453dc85cb784101303b74bdcac0ebf554e132	esm_cosine_top1	own	4	0	0.0	0.0	False
3cbdc7754552b8412b86ad816b3de5837b893d585aba272d95487aea75426367	protein_cold:p3:cNone	9e531b02da59435cd98a4bfc7bb453dc85cb784101303b74bdcac0ebf554e132	mmseqs_top1	common	0	0	0.0	0.0	False
3cbdc7754552b8412b86ad816b3de5837b893d585aba272d95487aea75426367	protein_cold:p3:cNone	9e531b02da59435cd98a4bfc7bb453dc85cb784101303b74bdcac0ebf554e132	esm_cosine_top1	common	0	0	0.0	0.0	False
46da51cc42bc6650424609aaa3417341d113fa12f6f08d1b7a4f023168aef25f	protein_cold:p3:cNone	9e531b02da59435cd98a4bfc7bb453dc85cb784101303b74bdcac0ebf554e132	mmseqs_top1	own	5	0	0.0	0.0	False
46da51cc42bc6650424609aaa3417341d113fa12f6f08d1b7a4f023168aef25f	protein_cold:p3:cNone	9e531b02da59435cd98a4bfc7bb453dc85cb784101303b74bdcac0ebf554e132	esm_cosine_top1	own	2	0	0.0	0.0	False
46da51cc42bc6650424609aaa3417341d113fa12f6f08d1b7a4f023168aef25f	protein_cold:p3:cNone	9e531b02da59435cd98a4bfc7bb453dc85cb784101303b74bdcac0ebf554e132	mmseqs_top1	common	0	0	0.0	0.0	False
46da51cc42bc6650424609aaa3417341d113fa12f6f08d1b7a4f023168aef25f	protein_cold:p3:cNone	9e531b02da59435cd98a4bfc7bb453dc85cb784101303b74bdcac0ebf554e132	esm_cosine_top1	common	0	0	0.0	0.0	False
55e5f70b6ba68b70cc4baaf18284216321e066fdbe1b06e4a85b868d4b2a919a	protein_cold:p3:cNone	9e531b02da59435cd98a4bfc7bb453dc85cb784101303b74bdcac0ebf554e132	mmseqs_top1	own	6	0	0.0	0.0	False
55e5f70b6ba68b70cc4baaf18284216321e066fdbe1b06e4a85b868d4b2a919a	protein_cold:p3:cNone	9e531b02da59435cd98a4bfc7bb453dc85cb784101303b74bdcac0ebf554e132	esm_cosine_top1	own	10	0	0.0	0.0	False
55e5f70b6ba68b70cc4baaf18284216321e066fdbe1b06e4a85b868d4b2a919a	protein_cold:p3:cNone	9e531b02da59435cd98a4bfc7bb453dc85cb784101303b74bdcac0ebf554e132	mmseqs_top1	common	0	0	0.0	0.0	False
55e5f70b6ba68b70cc4baaf18284216321e066fdbe1b06e4a85b868d4b2a919a	protein_cold:p3:cNone	9e531b02da59435cd98a4bfc7bb453dc85cb784101303b74bdcac0ebf554e132	esm_cosine_top1	common	0	0	0.0	0.0	False
65ea0901c99b5d5df3f4156612bfe93d4b9056f1e57ee2ba5c4055c75df104b0	protein_cold:p3:cNone	af036fe4ec1212bac06792d59db35714c0a912f186325a5159a1544f9a20985c	mmseqs_top1	own	2	0	0.0	0.0	False
65ea0901c99b5d5df3f4156612bfe93d4b9056f1e57ee2ba5c4055c75df104b0	protein_cold:p3:cNone	af036fe4ec1212bac06792d59db35714c0a912f186325a5159a1544f9a20985c	esm_cosine_top1	own	5	0	0.0	0.0	False
65ea0901c99b5d5df3f4156612bfe93d4b9056f1e57ee2ba5c4055c75df104b0	protein_cold:p3:cNone	af036fe4ec1212bac06792d59db35714c0a912f186325a5159a1544f9a20985c	mmseqs_top1	common	0	0	0.0	0.0	False
65ea0901c99b5d5df3f4156612bfe93d4b9056f1e57ee2ba5c4055c75df104b0	protein_cold:p3:cNone	af036fe4ec1212bac06792d59db35714c0a912f186325a5159a1544f9a20985c	esm_cosine_top1	common	0	0	0.0	0.0	False
6cb5064de034a92e2e70e660d4b1778346de10cf39e83a9c2e1d25df814a9c5c	protein_cold:p3:cNone	9e531b02da59435cd98a4bfc7bb453dc85cb784101303b74bdcac0ebf554e132	mmseqs_top1	own	2	0	0.0	0.0	False
6cb5064de034a92e2e70e660d4b1778346de10cf39e83a9c2e1d25df814a9c5c	protein_cold:p3:cNone	9e531b02da59435cd98a4bfc7bb453dc85cb784101303b74bdcac0ebf554e132	esm_cosine_top1	own	4	0	0.0	0.0	False
6cb5064de034a92e2e70e660d4b1778346de10cf39e83a9c2e1d25df814a9c5c	protein_cold:p3:cNone	9e531b02da59435cd98a4bfc7bb453dc85cb784101303b74bdcac0ebf554e132	mmseqs_top1	common	0	0	0.0	0.0	False
6cb5064de034a92e2e70e660d4b1778346de10cf39e83a9c2e1d25df814a9c5c	protein_cold:p3:cNone	9e531b02da59435cd98a4bfc7bb453dc85cb784101303b74bdcac0ebf554e132	esm_cosine_top1	common	0	0	0.0	0.0	False
7168692d582a751c0d38a93392255948de4638366096ead8e5c5ce3e49e5a555	protein_cold:p3:cNone	efd8f743e56c84240582ce6f33a75aed27c6952b41c2d45fbc6df6356c9c7340	mmseqs_top1	own	1	0	0.0	0.0	False
7168692d582a751c0d38a93392255948de4638366096ead8e5c5ce3e49e5a555	protein_cold:p3:cNone	efd8f743e56c84240582ce6f33a75aed27c6952b41c2d45fbc6df6356c9c7340	esm_cosine_top1	own	4	0	0.0	0.0	False
7168692d582a751c0d38a93392255948de4638366096ead8e5c5ce3e49e5a555	protein_cold:p3:cNone	efd8f743e56c84240582ce6f33a75aed27c6952b41c2d45fbc6df6356c9c7340	mmseqs_top1	common	0	0	0.0	0.0	False
7168692d582a751c0d38a93392255948de4638366096ead8e5c5ce3e49e5a555	protein_cold:p3:cNone	efd8f743e56c84240582ce6f33a75aed27c6952b41c2d45fbc6df6356c9c7340	esm_cosine_top1	common	0	0	0.0	0.0	False
71e9a23773ed19c11c99c2825ceb04aaf70f4ade5776f76158d46b23ca027932	protein_cold:p3:cNone	866c30e4e2bc77b100a60f171be9005651bcec7844b330282461a4f21eabd163	mmseqs_top1	own	1	0	0.0	0.0	False
71e9a23773ed19c11c99c2825ceb04aaf70f4ade5776f76158d46b23ca027932	protein_cold:p3:cNone	866c30e4e2bc77b100a60f171be9005651bcec7844b330282461a4f21eabd163	esm_cosine_top1	own	1	0	0.0	0.0	False
71e9a23773ed19c11c99c2825ceb04aaf70f4ade5776f76158d46b23ca027932	protein_cold:p3:cNone	866c30e4e2bc77b100a60f171be9005651bcec7844b330282461a4f21eabd163	mmseqs_top1	common	0	0	0.0	0.0	False
71e9a23773ed19c11c99c2825ceb04aaf70f4ade5776f76158d46b23ca027932	protein_cold:p3:cNone	866c30e4e2bc77b100a60f171be9005651bcec7844b330282461a4f21eabd163	esm_cosine_top1	common	0	0	0.0	0.0	False
75ed11fb728b5565d9f15b6b0b0f021d224b30d10bdcd33d96dea0afb5eb17aa	protein_cold:p3:cNone	9e531b02da59435cd98a4bfc7bb453dc85cb784101303b74bdcac0ebf554e132	mmseqs_top1	own	2	0	0.0	0.0	False
75ed11fb728b5565d9f15b6b0b0f021d224b30d10bdcd33d96dea0afb5eb17aa	protein_cold:p3:cNone	9e531b02da59435cd98a4bfc7bb453dc85cb784101303b74bdcac0ebf554e132	esm_cosine_top1	own	4	0	0.0	0.0	False
75ed11fb728b5565d9f15b6b0b0f021d224b30d10bdcd33d96dea0afb5eb17aa	protein_cold:p3:cNone	9e531b02da59435cd98a4bfc7bb453dc85cb784101303b74bdcac0ebf554e132	mmseqs_top1	common	0	0	0.0	0.0	False
75ed11fb728b5565d9f15b6b0b0f021d224b30d10bdcd33d96dea0afb5eb17aa	protein_cold:p3:cNone	9e531b02da59435cd98a4bfc7bb453dc85cb784101303b74bdcac0ebf554e132	esm_cosine_top1	common	0	0	0.0	0.0	False
7c8409f677e55c7f94b36500d17d7a809ec63681b5721c19fb6352fc8535a47d	protein_cold:p3:cNone	9e531b02da59435cd98a4bfc7bb453dc85cb784101303b74bdcac0ebf554e132	mmseqs_top1	own	3	0	0.0	0.0	False
7c8409f677e55c7f94b36500d17d7a809ec63681b5721c19fb6352fc8535a47d	protein_cold:p3:cNone	9e531b02da59435cd98a4bfc7bb453dc85cb784101303b74bdcac0ebf554e132	esm_cosine_top1	own	4	0	0.0	0.0	False
7c8409f677e55c7f94b36500d17d7a809ec63681b5721c19fb6352fc8535a47d	protein_cold:p3:cNone	9e531b02da59435cd98a4bfc7bb453dc85cb784101303b74bdcac0ebf554e132	mmseqs_top1	common	0	0	0.0	0.0	False
7c8409f677e55c7f94b36500d17d7a809ec63681b5721c19fb6352fc8535a47d	protein_cold:p3:cNone	9e531b02da59435cd98a4bfc7bb453dc85cb784101303b74bdcac0ebf554e132	esm_cosine_top1	common	0	0	0.0	0.0	False
882eb0e197accdc4173476cc02744f587f9b0c96f3c3fe6af4f9d663ec281df2	protein_cold:p3:cNone	9e531b02da59435cd98a4bfc7bb453dc85cb784101303b74bdcac0ebf554e132	mmseqs_top1	own	6	0	0.0	0.0	False
882eb0e197accdc4173476cc02744f587f9b0c96f3c3fe6af4f9d663ec281df2	protein_cold:p3:cNone	9e531b02da59435cd98a4bfc7bb453dc85cb784101303b74bdcac0ebf554e132	esm_cosine_top1	own	4	0	0.0	0.0	False
882eb0e197accdc4173476cc02744f587f9b0c96f3c3fe6af4f9d663ec281df2	protein_cold:p3:cNone	9e531b02da59435cd98a4bfc7bb453dc85cb784101303b74bdcac0ebf554e132	mmseqs_top1	common	0	0	0.0	0.0	False
882eb0e197accdc4173476cc02744f587f9b0c96f3c3fe6af4f9d663ec281df2	protein_cold:p3:cNone	9e531b02da59435cd98a4bfc7bb453dc85cb784101303b74bdcac0ebf554e132	esm_cosine_top1	common	0	0	0.0	0.0	False
9076f319d13a351f264a0aacd20fd9a9e924a8f3cdeac5c2b227199c23339c36	protein_cold:p3:cNone	9e531b02da59435cd98a4bfc7bb453dc85cb784101303b74bdcac0ebf554e132	mmseqs_top1	own	5	0	0.0	0.0	False
9076f319d13a351f264a0aacd20fd9a9e924a8f3cdeac5c2b227199c23339c36	protein_cold:p3:cNone	9e531b02da59435cd98a4bfc7bb453dc85cb784101303b74bdcac0ebf554e132	esm_cosine_top1	own	2	0	0.0	0.0	False
9076f319d13a351f264a0aacd20fd9a9e924a8f3cdeac5c2b227199c23339c36	protein_cold:p3:cNone	9e531b02da59435cd98a4bfc7bb453dc85cb784101303b74bdcac0ebf554e132	mmseqs_top1	common	0	0	0.0	0.0	False
9076f319d13a351f264a0aacd20fd9a9e924a8f3cdeac5c2b227199c23339c36	protein_cold:p3:cNone	9e531b02da59435cd98a4bfc7bb453dc85cb784101303b74bdcac0ebf554e132	esm_cosine_top1	common	0	0	0.0	0.0	False
a3095681f690b2ae6282a9116df5485f601548b49602ebf94ef3c4eff4d99b55	protein_cold:p3:cNone	3f20215bd78a14f200d94c2ec0f056a9a98e213fb547a8313e69071a9943805c	mmseqs_top1	own	4	0	0.0	0.0	False
a3095681f690b2ae6282a9116df5485f601548b49602ebf94ef3c4eff4d99b55	protein_cold:p3:cNone	3f20215bd78a14f200d94c2ec0f056a9a98e213fb547a8313e69071a9943805c	esm_cosine_top1	own	3	0	0.0	0.0	False
a3095681f690b2ae6282a9116df5485f601548b49602ebf94ef3c4eff4d99b55	protein_cold:p3:cNone	3f20215bd78a14f200d94c2ec0f056a9a98e213fb547a8313e69071a9943805c	mmseqs_top1	common	0	0	0.0	0.0	False
a3095681f690b2ae6282a9116df5485f601548b49602ebf94ef3c4eff4d99b55	protein_cold:p3:cNone	3f20215bd78a14f200d94c2ec0f056a9a98e213fb547a8313e69071a9943805c	esm_cosine_top1	common	0	0	0.0	0.0	False
a86d5aeb77fc6c51ab446618b8d938b9655be5f09832673631c20f6e1f4c61a6	protein_cold:p3:cNone	9e531b02da59435cd98a4bfc7bb453dc85cb784101303b74bdcac0ebf554e132	mmseqs_top1	own	2	0	0.0	0.0	False
a86d5aeb77fc6c51ab446618b8d938b9655be5f09832673631c20f6e1f4c61a6	protein_cold:p3:cNone	9e531b02da59435cd98a4bfc7bb453dc85cb784101303b74bdcac0ebf554e132	esm_cosine_top1	own	10	0	0.0	0.0	False
a86d5aeb77fc6c51ab446618b8d938b9655be5f09832673631c20f6e1f4c61a6	protein_cold:p3:cNone	9e531b02da59435cd98a4bfc7bb453dc85cb784101303b74bdcac0ebf554e132	mmseqs_top1	common	0	0	0.0	0.0	False
a86d5aeb77fc6c51ab446618b8d938b9655be5f09832673631c20f6e1f4c61a6	protein_cold:p3:cNone	9e531b02da59435cd98a4bfc7bb453dc85cb784101303b74bdcac0ebf554e132	esm_cosine_top1	common	0	0	0.0	0.0	False
aae92adf06e389cd690cee1fea5c43d167ae12c766d587399b71b0cc75fac1a6	protein_cold:p3:cNone	a4037f83ff5953519c257a056bc82d227b9ff66fcb229f3d255c16505e458362	mmseqs_top1	own	0	0	0.0	0.0	False
aae92adf06e389cd690cee1fea5c43d167ae12c766d587399b71b0cc75fac1a6	protein_cold:p3:cNone	a4037f83ff5953519c257a056bc82d227b9ff66fcb229f3d255c16505e458362	esm_cosine_top1	own	3	0	0.0	0.0	False
aae92adf06e389cd690cee1fea5c43d167ae12c766d587399b71b0cc75fac1a6	protein_cold:p3:cNone	a4037f83ff5953519c257a056bc82d227b9ff66fcb229f3d255c16505e458362	mmseqs_top1	common	0	0	0.0	0.0	False
aae92adf06e389cd690cee1fea5c43d167ae12c766d587399b71b0cc75fac1a6	protein_cold:p3:cNone	a4037f83ff5953519c257a056bc82d227b9ff66fcb229f3d255c16505e458362	esm_cosine_top1	common	0	0	0.0	0.0	False
b054511391e84607225d15759f20ff2ad180319e1f706a6a008801b869721954	protein_cold:p3:cNone	9e531b02da59435cd98a4bfc7bb453dc85cb784101303b74bdcac0ebf554e132	mmseqs_top1	own	6	0	0.0	0.0	False
b054511391e84607225d15759f20ff2ad180319e1f706a6a008801b869721954	protein_cold:p3:cNone	9e531b02da59435cd98a4bfc7bb453dc85cb784101303b74bdcac0ebf554e132	esm_cosine_top1	own	10	0	0.0	0.0	False
b054511391e84607225d15759f20ff2ad180319e1f706a6a008801b869721954	protein_cold:p3:cNone	9e531b02da59435cd98a4bfc7bb453dc85cb784101303b74bdcac0ebf554e132	mmseqs_top1	common	0	0	0.0	0.0	False
b054511391e84607225d15759f20ff2ad180319e1f706a6a008801b869721954	protein_cold:p3:cNone	9e531b02da59435cd98a4bfc7bb453dc85cb784101303b74bdcac0ebf554e132	esm_cosine_top1	common	0	0	0.0	0.0	False
d09a5dcd68f360b62e3080d00a7e7519753fb156e9009cf15139e70397ef455d	protein_cold:p3:cNone	9e531b02da59435cd98a4bfc7bb453dc85cb784101303b74bdcac0ebf554e132	mmseqs_top1	own	2	0	0.0	0.0	False
d09a5dcd68f360b62e3080d00a7e7519753fb156e9009cf15139e70397ef455d	protein_cold:p3:cNone	9e531b02da59435cd98a4bfc7bb453dc85cb784101303b74bdcac0ebf554e132	esm_cosine_top1	own	10	0	0.0	0.0	False
d09a5dcd68f360b62e3080d00a7e7519753fb156e9009cf15139e70397ef455d	protein_cold:p3:cNone	9e531b02da59435cd98a4bfc7bb453dc85cb784101303b74bdcac0ebf554e132	mmseqs_top1	common	0	0	0.0	0.0	False
d09a5dcd68f360b62e3080d00a7e7519753fb156e9009cf15139e70397ef455d	protein_cold:p3:cNone	9e531b02da59435cd98a4bfc7bb453dc85cb784101303b74bdcac0ebf554e132	esm_cosine_top1	common	0	0	0.0	0.0	False
e8cf4514befa1a1899f825d0951fed437044d32dd7266c03377b317294bd1647	protein_cold:p3:cNone	9e531b02da59435cd98a4bfc7bb453dc85cb784101303b74bdcac0ebf554e132	mmseqs_top1	own	2	0	0.0	0.0	False
e8cf4514befa1a1899f825d0951fed437044d32dd7266c03377b317294bd1647	protein_cold:p3:cNone	9e531b02da59435cd98a4bfc7bb453dc85cb784101303b74bdcac0ebf554e132	esm_cosine_top1	own	1	0	0.0	0.0	False
e8cf4514befa1a1899f825d0951fed437044d32dd7266c03377b317294bd1647	protein_cold:p3:cNone	9e531b02da59435cd98a4bfc7bb453dc85cb784101303b74bdcac0ebf554e132	mmseqs_top1	common	0	0	0.0	0.0	False
e8cf4514befa1a1899f825d0951fed437044d32dd7266c03377b317294bd1647	protein_cold:p3:cNone	9e531b02da59435cd98a4bfc7bb453dc85cb784101303b74bdcac0ebf554e132	esm_cosine_top1	common	0	0	0.0	0.0	False
ec64182ffe01ebb1aba347185275ec26c1e27446664db5d121fec30ab729e90a	protein_cold:p3:cNone	359a70fb1f5551e23cca8b10a5d9d881354d94573d0d7f3ea827330798da66d4	mmseqs_top1	own	6	0	0.0	0.0	False
ec64182ffe01ebb1aba347185275ec26c1e27446664db5d121fec30ab729e90a	protein_cold:p3:cNone	359a70fb1f5551e23cca8b10a5d9d881354d94573d0d7f3ea827330798da66d4	esm_cosine_top1	own	1	0	0.0	0.0	False
ec64182ffe01ebb1aba347185275ec26c1e27446664db5d121fec30ab729e90a	protein_cold:p3:cNone	359a70fb1f5551e23cca8b10a5d9d881354d94573d0d7f3ea827330798da66d4	mmseqs_top1	common	0	0	0.0	0.0	False
ec64182ffe01ebb1aba347185275ec26c1e27446664db5d121fec30ab729e90a	protein_cold:p3:cNone	359a70fb1f5551e23cca8b10a5d9d881354d94573d0d7f3ea827330798da66d4	esm_cosine_top1	common	0	0	0.0	0.0	False
efc7237537a6002f20a17bb64e354c27c8bdce43e211a286ad7823b943aa2211	protein_cold:p3:cNone	866c30e4e2bc77b100a60f171be9005651bcec7844b330282461a4f21eabd163	mmseqs_top1	own	2	0	0.0	0.0	False
efc7237537a6002f20a17bb64e354c27c8bdce43e211a286ad7823b943aa2211	protein_cold:p3:cNone	866c30e4e2bc77b100a60f171be9005651bcec7844b330282461a4f21eabd163	esm_cosine_top1	own	1	0	0.0	0.0	False
efc7237537a6002f20a17bb64e354c27c8bdce43e211a286ad7823b943aa2211	protein_cold:p3:cNone	866c30e4e2bc77b100a60f171be9005651bcec7844b330282461a4f21eabd163	mmseqs_top1	common	0	0	0.0	0.0	False
efc7237537a6002f20a17bb64e354c27c8bdce43e211a286ad7823b943aa2211	protein_cold:p3:cNone	866c30e4e2bc77b100a60f171be9005651bcec7844b330282461a4f21eabd163	esm_cosine_top1	common	0	0	0.0	0.0	False
f0af31358041fcb250b21e5454874f3ee19535e88210f7f8b61f2c6e80a4bfb1	protein_cold:p3:cNone	9e531b02da59435cd98a4bfc7bb453dc85cb784101303b74bdcac0ebf554e132	mmseqs_top1	own	2	0	0.0	0.0	False
f0af31358041fcb250b21e5454874f3ee19535e88210f7f8b61f2c6e80a4bfb1	protein_cold:p3:cNone	9e531b02da59435cd98a4bfc7bb453dc85cb784101303b74bdcac0ebf554e132	esm_cosine_top1	own	2	0	0.0	0.0	False
f0af31358041fcb250b21e5454874f3ee19535e88210f7f8b61f2c6e80a4bfb1	protein_cold:p3:cNone	9e531b02da59435cd98a4bfc7bb453dc85cb784101303b74bdcac0ebf554e132	mmseqs_top1	common	0	0	0.0	0.0	False
f0af31358041fcb250b21e5454874f3ee19535e88210f7f8b61f2c6e80a4bfb1	protein_cold:p3:cNone	9e531b02da59435cd98a4bfc7bb453dc85cb784101303b74bdcac0ebf554e132	esm_cosine_top1	common	0	0	0.0	0.0	False
f5f34b915c8ac67cc09d8efad1799431f521bb1065bf011f6d2df724522866fd	protein_cold:p3:cNone	9e531b02da59435cd98a4bfc7bb453dc85cb784101303b74bdcac0ebf554e132	mmseqs_top1	own	6	0	0.0	0.0	False
f5f34b915c8ac67cc09d8efad1799431f521bb1065bf011f6d2df724522866fd	protein_cold:p3:cNone	9e531b02da59435cd98a4bfc7bb453dc85cb784101303b74bdcac0ebf554e132	esm_cosine_top1	own	50	0	0.0	0.0	False
f5f34b915c8ac67cc09d8efad1799431f521bb1065bf011f6d2df724522866fd	protein_cold:p3:cNone	9e531b02da59435cd98a4bfc7bb453dc85cb784101303b74bdcac0ebf554e132	mmseqs_top1	common	0	0	0.0	0.0	False
f5f34b915c8ac67cc09d8efad1799431f521bb1065bf011f6d2df724522866fd	protein_cold:p3:cNone	9e531b02da59435cd98a4bfc7bb453dc85cb784101303b74bdcac0ebf554e132	esm_cosine_top1	common	0	0	0.0	0.0	False
fa749e17dc519ee3af95ab87bbc46a60eedc5b027ac53ae0c7ff1c7d1ece94eb	protein_cold:p3:cNone	9e531b02da59435cd98a4bfc7bb453dc85cb784101303b74bdcac0ebf554e132	mmseqs_top1	own	5	0	0.0	0.0	False
fa749e17dc519ee3af95ab87bbc46a60eedc5b027ac53ae0c7ff1c7d1ece94eb	protein_cold:p3:cNone	9e531b02da59435cd98a4bfc7bb453dc85cb784101303b74bdcac0ebf554e132	esm_cosine_top1	own	2	0	0.0	0.0	False
fa749e17dc519ee3af95ab87bbc46a60eedc5b027ac53ae0c7ff1c7d1ece94eb	protein_cold:p3:cNone	9e531b02da59435cd98a4bfc7bb453dc85cb784101303b74bdcac0ebf554e132	mmseqs_top1	common	0	0	0.0	0.0	False
fa749e17dc519ee3af95ab87bbc46a60eedc5b027ac53ae0c7ff1c7d1ece94eb	protein_cold:p3:cNone	9e531b02da59435cd98a4bfc7bb453dc85cb784101303b74bdcac0ebf554e132	esm_cosine_top1	common	0	0	0.0	0.0	False
fa76ad53937714cb7af37a17cdcffaebdf10c91590afe68fb0ef4f7b1d69c21c	protein_cold:p3:cNone	9e531b02da59435cd98a4bfc7bb453dc85cb784101303b74bdcac0ebf554e132	mmseqs_top1	own	2	0	0.0	0.0	False
fa76ad53937714cb7af37a17cdcffaebdf10c91590afe68fb0ef4f7b1d69c21c	protein_cold:p3:cNone	9e531b02da59435cd98a4bfc7bb453dc85cb784101303b74bdcac0ebf554e132	esm_cosine_top1	own	2	0	0.0	0.0	False
fa76ad53937714cb7af37a17cdcffaebdf10c91590afe68fb0ef4f7b1d69c21c	protein_cold:p3:cNone	9e531b02da59435cd98a4bfc7bb453dc85cb784101303b74bdcac0ebf554e132	mmseqs_top1	common	0	0	0.0	0.0	False
fa76ad53937714cb7af37a17cdcffaebdf10c91590afe68fb0ef4f7b1d69c21c	protein_cold:p3:cNone	9e531b02da59435cd98a4bfc7bb453dc85cb784101303b74bdcac0ebf554e132	esm_cosine_top1	common	0	0	0.0	0.0	False
fde8da52391ac742fd9b6f505d0d589889bde559a48035441faf7a61474dc1e9	protein_cold:p3:cNone	9e531b02da59435cd98a4bfc7bb453dc85cb784101303b74bdcac0ebf554e132	mmseqs_top1	own	2	0	0.0	0.0	False
fde8da52391ac742fd9b6f505d0d589889bde559a48035441faf7a61474dc1e9	protein_cold:p3:cNone	9e531b02da59435cd98a4bfc7bb453dc85cb784101303b74bdcac0ebf554e132	esm_cosine_top1	own	50	0	0.0	0.0	False
fde8da52391ac742fd9b6f505d0d589889bde559a48035441faf7a61474dc1e9	protein_cold:p3:cNone	9e531b02da59435cd98a4bfc7bb453dc85cb784101303b74bdcac0ebf554e132	mmseqs_top1	common	0	0	0.0	0.0	False
fde8da52391ac742fd9b6f505d0d589889bde559a48035441faf7a61474dc1e9	protein_cold:p3:cNone	9e531b02da59435cd98a4bfc7bb453dc85cb784101303b74bdcac0ebf554e132	esm_cosine_top1	common	0	0	0.0	0.0	False
32aabb6e4443db17d3ef270de6c16a24dd43a5ad945405d7fcb823f75a077712	protein_cold:p4:cNone	8dd281463e50f51288dc1448d0c24f70843114657d0fc0890414d4e177ef0498	mmseqs_top1	own	1	0	0.0	0.0	False
32aabb6e4443db17d3ef270de6c16a24dd43a5ad945405d7fcb823f75a077712	protein_cold:p4:cNone	8dd281463e50f51288dc1448d0c24f70843114657d0fc0890414d4e177ef0498	esm_cosine_top1	own	1	0	0.0	0.0	False
32aabb6e4443db17d3ef270de6c16a24dd43a5ad945405d7fcb823f75a077712	protein_cold:p4:cNone	8dd281463e50f51288dc1448d0c24f70843114657d0fc0890414d4e177ef0498	mmseqs_top1	common	1	0	0.0	0.0	False
32aabb6e4443db17d3ef270de6c16a24dd43a5ad945405d7fcb823f75a077712	protein_cold:p4:cNone	8dd281463e50f51288dc1448d0c24f70843114657d0fc0890414d4e177ef0498	esm_cosine_top1	common	1	0	0.0	0.0	False
334b8928334a632f3d1511e00640cb6a86f424de1676b3cd36552f6a6d5ef155	protein_cold:p4:cNone	14e6956ea45fb086807d4b33274b94f03dd944243001077abae46882c5fac682	mmseqs_top1	own	3	0	0.0	0.0	False
334b8928334a632f3d1511e00640cb6a86f424de1676b3cd36552f6a6d5ef155	protein_cold:p4:cNone	14e6956ea45fb086807d4b33274b94f03dd944243001077abae46882c5fac682	esm_cosine_top1	own	1	0	0.0	0.0	False
334b8928334a632f3d1511e00640cb6a86f424de1676b3cd36552f6a6d5ef155	protein_cold:p4:cNone	14e6956ea45fb086807d4b33274b94f03dd944243001077abae46882c5fac682	mmseqs_top1	common	0	0	0.0	0.0	False
334b8928334a632f3d1511e00640cb6a86f424de1676b3cd36552f6a6d5ef155	protein_cold:p4:cNone	14e6956ea45fb086807d4b33274b94f03dd944243001077abae46882c5fac682	esm_cosine_top1	common	0	0	0.0	0.0	False
3e25560d0fb6e47e8a12bc043096566159c5cc7a56785bd5b0c8094e0489a955	protein_cold:p4:cNone	d798508c370fef6a7323a88845fdb6348ee20f2448419035ce457c39fd94c8a4	mmseqs_top1	own	4	0	0.0	0.0	False
3e25560d0fb6e47e8a12bc043096566159c5cc7a56785bd5b0c8094e0489a955	protein_cold:p4:cNone	d798508c370fef6a7323a88845fdb6348ee20f2448419035ce457c39fd94c8a4	esm_cosine_top1	own	1	0	0.0	0.0	False
3e25560d0fb6e47e8a12bc043096566159c5cc7a56785bd5b0c8094e0489a955	protein_cold:p4:cNone	d798508c370fef6a7323a88845fdb6348ee20f2448419035ce457c39fd94c8a4	mmseqs_top1	common	0	0	0.0	0.0	False
3e25560d0fb6e47e8a12bc043096566159c5cc7a56785bd5b0c8094e0489a955	protein_cold:p4:cNone	d798508c370fef6a7323a88845fdb6348ee20f2448419035ce457c39fd94c8a4	esm_cosine_top1	common	0	0	0.0	0.0	False
49e9de990c1cf79e62a0e31ef4a8eec3437087bbab3dd9e3f9e3c0e0d0a8ab87	protein_cold:p4:cNone	14e6956ea45fb086807d4b33274b94f03dd944243001077abae46882c5fac682	mmseqs_top1	own	2	0	0.0	0.0	False
49e9de990c1cf79e62a0e31ef4a8eec3437087bbab3dd9e3f9e3c0e0d0a8ab87	protein_cold:p4:cNone	14e6956ea45fb086807d4b33274b94f03dd944243001077abae46882c5fac682	esm_cosine_top1	own	1	0	0.0	0.0	False
49e9de990c1cf79e62a0e31ef4a8eec3437087bbab3dd9e3f9e3c0e0d0a8ab87	protein_cold:p4:cNone	14e6956ea45fb086807d4b33274b94f03dd944243001077abae46882c5fac682	mmseqs_top1	common	0	0	0.0	0.0	False
49e9de990c1cf79e62a0e31ef4a8eec3437087bbab3dd9e3f9e3c0e0d0a8ab87	protein_cold:p4:cNone	14e6956ea45fb086807d4b33274b94f03dd944243001077abae46882c5fac682	esm_cosine_top1	common	0	0	0.0	0.0	False
4cee9ef246bfb8ec30bcfcc24b4443a86d27eafa9974f19dc872f9395fea19cc	protein_cold:p4:cNone	d798508c370fef6a7323a88845fdb6348ee20f2448419035ce457c39fd94c8a4	mmseqs_top1	own	4	0	0.0	0.0	False
4cee9ef246bfb8ec30bcfcc24b4443a86d27eafa9974f19dc872f9395fea19cc	protein_cold:p4:cNone	d798508c370fef6a7323a88845fdb6348ee20f2448419035ce457c39fd94c8a4	esm_cosine_top1	own	1	0	0.0	0.0	False
4cee9ef246bfb8ec30bcfcc24b4443a86d27eafa9974f19dc872f9395fea19cc	protein_cold:p4:cNone	d798508c370fef6a7323a88845fdb6348ee20f2448419035ce457c39fd94c8a4	mmseqs_top1	common	0	0	0.0	0.0	False
4cee9ef246bfb8ec30bcfcc24b4443a86d27eafa9974f19dc872f9395fea19cc	protein_cold:p4:cNone	d798508c370fef6a7323a88845fdb6348ee20f2448419035ce457c39fd94c8a4	esm_cosine_top1	common	0	0	0.0	0.0	False
5338e5308a4be24a61d16478c2409f0d53dd50e6f387f9129481861e673f7b92	protein_cold:p4:cNone	8dd281463e50f51288dc1448d0c24f70843114657d0fc0890414d4e177ef0498	mmseqs_top1	own	1	0	0.0	0.0	False
5338e5308a4be24a61d16478c2409f0d53dd50e6f387f9129481861e673f7b92	protein_cold:p4:cNone	8dd281463e50f51288dc1448d0c24f70843114657d0fc0890414d4e177ef0498	esm_cosine_top1	own	1	0	0.0	0.0	False
5338e5308a4be24a61d16478c2409f0d53dd50e6f387f9129481861e673f7b92	protein_cold:p4:cNone	8dd281463e50f51288dc1448d0c24f70843114657d0fc0890414d4e177ef0498	mmseqs_top1	common	1	0	0.0	0.0	False
5338e5308a4be24a61d16478c2409f0d53dd50e6f387f9129481861e673f7b92	protein_cold:p4:cNone	8dd281463e50f51288dc1448d0c24f70843114657d0fc0890414d4e177ef0498	esm_cosine_top1	common	1	0	0.0	0.0	False
57a92f1e47a3eaa36231d0d9eaaf0c00538449c112f2cd9a4d01b20c323c79cd	protein_cold:p4:cNone	14e6956ea45fb086807d4b33274b94f03dd944243001077abae46882c5fac682	mmseqs_top1	own	1	0	0.0	0.0	False
57a92f1e47a3eaa36231d0d9eaaf0c00538449c112f2cd9a4d01b20c323c79cd	protein_cold:p4:cNone	14e6956ea45fb086807d4b33274b94f03dd944243001077abae46882c5fac682	esm_cosine_top1	own	1	0	0.0	0.0	False
57a92f1e47a3eaa36231d0d9eaaf0c00538449c112f2cd9a4d01b20c323c79cd	protein_cold:p4:cNone	14e6956ea45fb086807d4b33274b94f03dd944243001077abae46882c5fac682	mmseqs_top1	common	0	0	0.0	0.0	False
57a92f1e47a3eaa36231d0d9eaaf0c00538449c112f2cd9a4d01b20c323c79cd	protein_cold:p4:cNone	14e6956ea45fb086807d4b33274b94f03dd944243001077abae46882c5fac682	esm_cosine_top1	common	0	0	0.0	0.0	False
716474a92aa109ca90555f9e40d02a8a4c8cce8f2e210fd0e12a3eeb77abe4d1	protein_cold:p4:cNone	d798508c370fef6a7323a88845fdb6348ee20f2448419035ce457c39fd94c8a4	mmseqs_top1	own	4	1	0.25	0.5208333333333334	True
716474a92aa109ca90555f9e40d02a8a4c8cce8f2e210fd0e12a3eeb77abe4d1	protein_cold:p4:cNone	d798508c370fef6a7323a88845fdb6348ee20f2448419035ce457c39fd94c8a4	esm_cosine_top1	own	3	0	0.0	0.0	False
716474a92aa109ca90555f9e40d02a8a4c8cce8f2e210fd0e12a3eeb77abe4d1	protein_cold:p4:cNone	d798508c370fef6a7323a88845fdb6348ee20f2448419035ce457c39fd94c8a4	mmseqs_top1	common	0	0	0.0	0.0	False
716474a92aa109ca90555f9e40d02a8a4c8cce8f2e210fd0e12a3eeb77abe4d1	protein_cold:p4:cNone	d798508c370fef6a7323a88845fdb6348ee20f2448419035ce457c39fd94c8a4	esm_cosine_top1	common	0	0	0.0	0.0	False
72e62b7d0c869f6ac5e45aacee8aec8bd958f5f3cd6dadae0fbf8dd0463bfc42	protein_cold:p4:cNone	8dd281463e50f51288dc1448d0c24f70843114657d0fc0890414d4e177ef0498	mmseqs_top1	own	1	0	0.0	0.0	False
72e62b7d0c869f6ac5e45aacee8aec8bd958f5f3cd6dadae0fbf8dd0463bfc42	protein_cold:p4:cNone	8dd281463e50f51288dc1448d0c24f70843114657d0fc0890414d4e177ef0498	esm_cosine_top1	own	1	0	0.0	0.0	False
72e62b7d0c869f6ac5e45aacee8aec8bd958f5f3cd6dadae0fbf8dd0463bfc42	protein_cold:p4:cNone	8dd281463e50f51288dc1448d0c24f70843114657d0fc0890414d4e177ef0498	mmseqs_top1	common	1	0	0.0	0.0	False
72e62b7d0c869f6ac5e45aacee8aec8bd958f5f3cd6dadae0fbf8dd0463bfc42	protein_cold:p4:cNone	8dd281463e50f51288dc1448d0c24f70843114657d0fc0890414d4e177ef0498	esm_cosine_top1	common	1	0	0.0	0.0	False
73f524005c243db14cdc8a45717ca3ddd75ce740e0ace508e73b30e04a641326	protein_cold:p4:cNone	d798508c370fef6a7323a88845fdb6348ee20f2448419035ce457c39fd94c8a4	mmseqs_top1	own	4	0	0.0	0.0	False
73f524005c243db14cdc8a45717ca3ddd75ce740e0ace508e73b30e04a641326	protein_cold:p4:cNone	d798508c370fef6a7323a88845fdb6348ee20f2448419035ce457c39fd94c8a4	esm_cosine_top1	own	3	0	0.0	0.0	False
73f524005c243db14cdc8a45717ca3ddd75ce740e0ace508e73b30e04a641326	protein_cold:p4:cNone	d798508c370fef6a7323a88845fdb6348ee20f2448419035ce457c39fd94c8a4	mmseqs_top1	common	0	0	0.0	0.0	False
73f524005c243db14cdc8a45717ca3ddd75ce740e0ace508e73b30e04a641326	protein_cold:p4:cNone	d798508c370fef6a7323a88845fdb6348ee20f2448419035ce457c39fd94c8a4	esm_cosine_top1	common	0	0	0.0	0.0	False
b9f15c5132e97e60e1e2fe03c7f75b3ad55ea24d1d7838f2d6c112b3fbda179b	protein_cold:p4:cNone	58c8efc657d5189a931c9d6e9b7a9e35fb8b39400154e4ec60e4417ab4e2af5d	mmseqs_top1	own	1	0	0.0	0.0	False
b9f15c5132e97e60e1e2fe03c7f75b3ad55ea24d1d7838f2d6c112b3fbda179b	protein_cold:p4:cNone	58c8efc657d5189a931c9d6e9b7a9e35fb8b39400154e4ec60e4417ab4e2af5d	esm_cosine_top1	own	2	0	0.0	0.0	False
b9f15c5132e97e60e1e2fe03c7f75b3ad55ea24d1d7838f2d6c112b3fbda179b	protein_cold:p4:cNone	58c8efc657d5189a931c9d6e9b7a9e35fb8b39400154e4ec60e4417ab4e2af5d	mmseqs_top1	common	0	0	0.0	0.0	False
b9f15c5132e97e60e1e2fe03c7f75b3ad55ea24d1d7838f2d6c112b3fbda179b	protein_cold:p4:cNone	58c8efc657d5189a931c9d6e9b7a9e35fb8b39400154e4ec60e4417ab4e2af5d	esm_cosine_top1	common	0	0	0.0	0.0	False
c574446c358df77ede2289f7350f82fdfd442279efcd7dcfc8f3c00fac7b80a4	protein_cold:p4:cNone	8dd281463e50f51288dc1448d0c24f70843114657d0fc0890414d4e177ef0498	mmseqs_top1	own	1	0	0.0	0.0	False
c574446c358df77ede2289f7350f82fdfd442279efcd7dcfc8f3c00fac7b80a4	protein_cold:p4:cNone	8dd281463e50f51288dc1448d0c24f70843114657d0fc0890414d4e177ef0498	esm_cosine_top1	own	1	0	0.0	0.0	False
c574446c358df77ede2289f7350f82fdfd442279efcd7dcfc8f3c00fac7b80a4	protein_cold:p4:cNone	8dd281463e50f51288dc1448d0c24f70843114657d0fc0890414d4e177ef0498	mmseqs_top1	common	1	0	0.0	0.0	False
c574446c358df77ede2289f7350f82fdfd442279efcd7dcfc8f3c00fac7b80a4	protein_cold:p4:cNone	8dd281463e50f51288dc1448d0c24f70843114657d0fc0890414d4e177ef0498	esm_cosine_top1	common	1	0	0.0	0.0	False
db82445986c3c5c7bcb87120e3f23fa9423893de8fb554f183c5c666088f41ef	protein_cold:p4:cNone	d798508c370fef6a7323a88845fdb6348ee20f2448419035ce457c39fd94c8a4	mmseqs_top1	own	4	1	0.25	0.5208333333333334	True
db82445986c3c5c7bcb87120e3f23fa9423893de8fb554f183c5c666088f41ef	protein_cold:p4:cNone	d798508c370fef6a7323a88845fdb6348ee20f2448419035ce457c39fd94c8a4	esm_cosine_top1	own	4	1	0.25	0.5208333333333334	True
db82445986c3c5c7bcb87120e3f23fa9423893de8fb554f183c5c666088f41ef	protein_cold:p4:cNone	d798508c370fef6a7323a88845fdb6348ee20f2448419035ce457c39fd94c8a4	mmseqs_top1	common	4	1	0.25	0.5208333333333334	True
db82445986c3c5c7bcb87120e3f23fa9423893de8fb554f183c5c666088f41ef	protein_cold:p4:cNone	d798508c370fef6a7323a88845fdb6348ee20f2448419035ce457c39fd94c8a4	esm_cosine_top1	common	4	1	0.25	0.5208333333333334	True
e13cb589a3c631701ed0666200a61f9ed56879a9a2009f7070b80d3abeacb893	protein_cold:p4:cNone	d798508c370fef6a7323a88845fdb6348ee20f2448419035ce457c39fd94c8a4	mmseqs_top1	own	4	0	0.0	0.0	False
e13cb589a3c631701ed0666200a61f9ed56879a9a2009f7070b80d3abeacb893	protein_cold:p4:cNone	d798508c370fef6a7323a88845fdb6348ee20f2448419035ce457c39fd94c8a4	esm_cosine_top1	own	4	0	0.0	0.0	False
e13cb589a3c631701ed0666200a61f9ed56879a9a2009f7070b80d3abeacb893	protein_cold:p4:cNone	d798508c370fef6a7323a88845fdb6348ee20f2448419035ce457c39fd94c8a4	mmseqs_top1	common	4	0	0.0	0.0	False
e13cb589a3c631701ed0666200a61f9ed56879a9a2009f7070b80d3abeacb893	protein_cold:p4:cNone	d798508c370fef6a7323a88845fdb6348ee20f2448419035ce457c39fd94c8a4	esm_cosine_top1	common	4	0	0.0	0.0	False
ff4962a4e5c623868caea8a7527dd4bea19a76126d7cdbfa24fe1d4c75fc58a2	protein_cold:p4:cNone	27a9ddd32579e2580e2fc82d9346b889b024153429d884cc1c3a5f0185c27d3d	mmseqs_top1	own	1	0	0.0	0.0	False
ff4962a4e5c623868caea8a7527dd4bea19a76126d7cdbfa24fe1d4c75fc58a2	protein_cold:p4:cNone	27a9ddd32579e2580e2fc82d9346b889b024153429d884cc1c3a5f0185c27d3d	esm_cosine_top1	own	2	0	0.0	0.0	False
ff4962a4e5c623868caea8a7527dd4bea19a76126d7cdbfa24fe1d4c75fc58a2	protein_cold:p4:cNone	27a9ddd32579e2580e2fc82d9346b889b024153429d884cc1c3a5f0185c27d3d	mmseqs_top1	common	0	0	0.0	0.0	False
ff4962a4e5c623868caea8a7527dd4bea19a76126d7cdbfa24fe1d4c75fc58a2	protein_cold:p4:cNone	27a9ddd32579e2580e2fc82d9346b889b024153429d884cc1c3a5f0185c27d3d	esm_cosine_top1	common	0	0	0.0	0.0	False
