path	bytes	sha256
Analysis_code/analysis_code/audit_annotations.py	10075	46911dadec6da44b773c4bb0b4a0979d4b4b672617cc20061ecac493ad93ed1d
Analysis_code/analysis_code/audit_figshare_acquisition.py	3358	ef811635fbfa0b960bc5a7e3c1503f9689042bf33dac0bc7b9c420d2253f3316
Analysis_code/analysis_code/audit_polymer_differences.py	4337	3f71d895ba57e5e1061b9c258550015aa9d277cf965cda9d558930181d7cf1c0
Analysis_code/analysis_code/audit_structure_mapping.py	7352	ed6d01d01e107905861edc0e590e329e3a0dfc12fff2e4820dae61fe9d2f29ee
Analysis_code/analysis_code/audit_structure_mapping_v2.py	7349	6aaad260cc466b5f8b162537c3c525b72317d5cca828d7c5aba80404c2c1de74
Analysis_code/analysis_code/build_brenda.py	8528	a8eb1ff232aad658762bb29ebeb347d9c1cfc9dad925d39b2c37e0d842881722
Analysis_code/analysis_code/build_clean_core_features.py	14379	996b5c87e3e2ea7fa374ea32e6fbecc0c519ab336ba7312edc3e59e2c5d77227
Analysis_code/analysis_code/build_clean_ec_bridge.py	7896	e0aa827eb9db76942d7fb593a7548c21a3cd9f0c06586773c5f928cd8c1214c1
Analysis_code/analysis_code/build_dataset.py	6980	93b02eddd82a0ab87046cdb622686eb892832addd0b3659f2688815bbc40f627
Analysis_code/analysis_code/build_domain_router.py	35243	5b63dfe87358f7500ee4dfba22813b4546ccc9042d7f8b004c10a95e64a4eac2
Analysis_code/analysis_code/build_figure6_external_transfer.py	12136	02641af31c678239e939fbbfaaf5ef7e66516af3861c50b28ad82cc65eef376f
Analysis_code/analysis_code/build_figures1_5.py	40523	d8137112629d9773dc19bf87aa1001a43937d22261d07ae15af9efcfcd6c65ab
Analysis_code/analysis_code/build_human_substrate.py	6760	2ca044984d282d5747bc4c7438b7190ffcefe874b97c7d2aef6237ee051af35b
Analysis_code/analysis_code/build_joint_tool_assets.py	3944	bb70920997b130d3fb8679aef68465f113b94fb45abe43ebe35c50861f0c85fc
Analysis_code/analysis_code/build_multiaxis_splits.py	15604	6c8b29b878301a2f54ef98c3fbb5d4bcf4e21dc5fe29ceef5ced26419f075750
Analysis_code/analysis_code/build_named_support.py	13810	0e342b6467cb0855fc46b39c7c9c19706380bc3a9ec5e5095b6068243a9a8900
Analysis_code/analysis_code/build_ordered_site_features.py	7919	dc286e5e1a93924ed8a970beb52e6b514e7068c771362fd5ecbffd495c796a90
Analysis_code/analysis_code/build_reaction_center_environments.py	11656	9d499cef14d51b18ecb76a54a8f4dded9d0237fe2696201006af1ea2f493b1ab
Analysis_code/analysis_code/build_reaction_center_features.py	11276	afc560f65ea78500af62bf16096f0f7a567516dc9dbd8b99cdcdf8c6f60a41fb
Analysis_code/analysis_code/build_reaction_core_v2.py	17612	c17fc84c1be48e2819830c9aca185a507ee3fbe5eb769604f053270d0f504c73
Analysis_code/analysis_code/build_reverse_candidate_census.py	7863	dab2986f1890fde1c72f53db8a48c0f14d07fcbf0ef9ae89a8ee5132930b4a14
Analysis_code/analysis_code/build_supplementary_tables.py	13806	47b7f865946a1f91c21b203cee3bd6a6b701913fd2262302fd992a02b961a9f4
Analysis_code/analysis_code/collect_esm_features.py	3428	b1410910ee620ba72560430e9c924cf5ce94733bf36a94b168c1a4acadf76ff0
Analysis_code/analysis_code/compare_interaction_controls.py	5834	80a49d6a6944b759a4f7bbfec65920dd47db826160bb7128ba06518a7750f239
Analysis_code/analysis_code/compare_runtime_metrics.py	4889	41bcc4b453af983b9df1f422c924ee04b52a23a2fe54e5231fe3b378a38fd0cc
Analysis_code/analysis_code/conditional_core.py	4536	fa88b7a29b6af12bfc1c3a2ba6ad4b6973a9a7807c92a32f568936f51eee13e7
Analysis_code/analysis_code/download_esm_weights.py	1382	ef7750cdd98b20dc87aae203074267331c49ccdb2fa33618f953db9d1bdbab96
Analysis_code/analysis_code/evaluate_clean_pruning.py	22262	f31c8cad461266072fb9e59756521297d8afa6786a2ac910caabef7a76580f44
Analysis_code/analysis_code/evaluate_external_human_cyp.py	20320	5b8e3781d77755d81d5f931245be74d5276b1159b46fdf7ba540b5f9adbda108
Analysis_code/analysis_code/evaluate_human_selective_behavior.py	11308	4b57daee1d12ce9a5bbc1e95d7ed261ef0c2bcc5c1a88f162002ceeb52600775
Analysis_code/analysis_code/evaluate_human_substrate.py	20910	27eb6f0c291c7006923a273968a9fc8f0c12d399143b697d63fa114eb8821ee2
Analysis_code/analysis_code/evaluate_reverse_baselines.py	17611	7cae15e1b35252a5fa951703897cceedf958796a7d6853785d2f7f1afde43d75
Analysis_code/analysis_code/extract_esm_features.py	4878	3e900792f30defc6a40a3fd6dd05f4f05f70f9d7031ccde0c79ba2de125e285e
Analysis_code/analysis_code/inspect_brenda_schema.py	1202	6d40eba763bb6c14ce30e011e311298134ee29ab15505902691b5dbfd88bdbe4
Analysis_code/analysis_code/inspect_chain_identifiers.py	691	cd63b8b78ae15951de7dd436a053b612a033a14e006ca7ee2b545f9ad49ecf8b
Analysis_code/analysis_code/interaction_core.py	6746	bdb3b14370fa054dccd44cac32c1d30dc90ffd7377e7928daa4a05509d189c15
Analysis_code/analysis_code/interaction_information_controls.py	4154	b1982afbd039add28daf04f25c33082cca1b358756f0f0a8f1ebc6aeca32ef09
Analysis_code/analysis_code/interaction_paired_comparisons.py	7712	dbf517e70fdd43bc84aa79558b1299e8ac3223d88c2943040dcb0dc7f49c2f2d
Analysis_code/analysis_code/lineage_paired_comparisons.py	7150	de897db5803d741b0f6b0898b711d6f3ee5b4e339cbe793770333bb81cd601ec
Analysis_code/analysis_code/local_conditional_core.py	4220	88227b8986e53d9aa7d661bd7dfdd656a3745ab856983daa0d98debc1ee430cd
Analysis_code/analysis_code/local_paired_comparisons.py	6821	e5911f60567a5f83e2d9f9e0f8586ee1e6f5f3bdee61bc203ce339d1d69f8313
Analysis_code/analysis_code/normalize_reverse_alignments.py	4555	ad9a81779a899e909458cee41117c731057b663d05df3750cb54d9142ee3128e
Analysis_code/analysis_code/paired_expert_comparisons.py	7639	dd71eaaf085c8cd77fee962544635926d828fa903cdfe1f0025bd2744fc3dd06
Analysis_code/analysis_code/parse_external_human_cyp.py	13354	f9f8a5cb0711e9ab03b20e6918de174990f99002a646c5c5dd722f894c24b6cb
Analysis_code/analysis_code/prepare_interaction_control_workspaces.py	7604	a791a27f50735268e645f141fcbcd36d7f85f16c1bbbcad99c340f1a2d4f7ebd
Analysis_code/analysis_code/prepare_interaction_transform.py	3854	f4a03f239d937bc2b134e94a16b8035c852e7627b71d95d74f777f5c2ff1b328
Analysis_code/analysis_code/prepare_ordered_heme_anchor.py	7940	38fdad019e71d97d789dcb0a4682795762de80823e19ead9a7bbd4df9aeafff9
Analysis_code/analysis_code/prepare_structure_mapping.py	1534	16b45f3782e07901009c0ac1cfc170496506d8003ead11798d928c86a3aedb03
Analysis_code/analysis_code/prepare_taxonomic_lineages.py	6622	89cf4b6e8fd828529516b71af4a600dd211cf09ee8afe9cb490b9c285802b5f8
Analysis_code/analysis_code/protein_control_core.py	1043	dd7594ae4d7f06d29a7985f0b031b101258688cab534677dbc2ccf03e89949b5
Analysis_code/analysis_code/reaction_mapping_core.py	10930	8fc3184e7cae2e32be7cad1d8561f937cebae2a180adc3b4a1b8607f1559a4f4
Analysis_code/analysis_code/reaction_roles_v1.py	8063	9679d2d1f01c5a87dfe828ea1f0d52347814ede86ec6afb119d0c3eefbb2cb6e
Analysis_code/analysis_code/rebuild_structure_assets.py	5866	f8ef93d3d11df402dafa05bf3715336797c88db0f154ba36e5cafe37c0d0ead9
Analysis_code/analysis_code/run_blast_baselines.py	8252	7d65af25fa2fd1a1f6748b810d1a321e2880be2a878388f34d752c111871d07e
Analysis_code/analysis_code/run_conditional_model.py	8553	23b1b852daf4e200a9528924a465a0584992421589bbd38728a26ea8c8e81efc
Analysis_code/analysis_code/run_interaction_conditionals.py	20238	3c4c8b043de0823e3098128bc8f0373b0cd939dd98e5acd470d4fe922d7f85e4
Analysis_code/analysis_code/run_lineage_conditionals.py	12935	db549feb5a23314d1269630f52c4b8ef4abc5113deee777bb54a2efbc219386a
Analysis_code/analysis_code/run_local_conditionals.py	11864	96600c61339d433ca2ef587f48bc8ff7784f07503064cc98fa4786e1bb283a9c
Analysis_code/analysis_code/run_local_conditionals_center_profile.py	19773	400635a17baa84b3ac14e4b1530dba7ad7116f09abb98599d3c95127335a8b3c
Analysis_code/analysis_code/run_main_baselines.py	14019	bcb8746d394008240aaa984316b111c2bf34a73fab6069115c59cf447bfe716d
Analysis_code/analysis_code/run_protein_controls.py	8646	c0dbc6665ae9edfed53a501ac656907fb9b6fef756b008f5bfe09ccb93948c8d
Analysis_code/analysis_code/run_raw.py	27865	5146ff76a9af5167be6d77cab203f8cd728a8fafb2d45da88cc1eb188c59267a
Analysis_code/analysis_code/run_reaction_mapping.py	2617	fdd8f67cd729ebf3099f4c7e76967022e0cccef75c6c415f8ad3f6862457755a
Analysis_code/analysis_code/run_structure_matched.py	11847	4ecf3e54063199bf32ddb95e0df58446b4ca971bcc877580e0bb0c1bda4f94cd
Analysis_code/analysis_code/run_structure_matched_v2.py	11850	469eec908b63ff175bb821601cf5f709843347f4d58836407e70d33723b0e666
Analysis_code/analysis_code/split_baselines.py	16951	2cfdf8c459940b83fd2774614642d9819769ade5ef2f05216be6a80770616ccc
Analysis_code/analysis_code/structure_paired_comparisons.py	5078	280e68a900d37382d08d8a9d000ed2889dbf6c15f85fc3574ff98c22b1be8ac0
Analysis_code/analysis_code/structure_paired_comparisons_v2.py	5081	5765d529a783b8dacd7371be8a38721359e66e5e6ba9841ce18710b9c3ca339d
Analysis_code/analysis_code/summarize_protein_controls.py	8084	52d5ae294ab2bebf6d1b6ac9bbcce31d6af2b2d4dc6ae6080d02a17a29561370
Analysis_code/analysis_code/test_annotations.py	917	8ea6c077f84e48fbece771e9703e5fe999a9026783a36400f067f3ce993ee9dd
Analysis_code/analysis_code/test_baselines.py	1655	1665500c9952b34d6eacb2ae05ab24e7a7a0c0afd1e54456115555e49d5f8c81
Analysis_code/analysis_code/test_blast_baselines.py	670	4261476ea1942abc3067021f7cc0cf42bad25ff7b6892372d9b485087030e362
Analysis_code/analysis_code/test_brenda.py	1118	103875a8af6d0a5b0ac13aecb55a848103ff91655b3eff434736ee9aeec4eb4e
Analysis_code/analysis_code/test_conditional_core.py	1914	20166fa38901b5093697c7c83c38609edfb3f2c52259ffe0c7653365bf40c8ee
Analysis_code/analysis_code/test_esm_features.py	685	126f0dedf4d91c0716235c0b9da5844efa66a390c6b1fd4d1b4b0ee694c0fdb8
Analysis_code/analysis_code/test_local_conditional.py	2403	b700e265c43e3b292ee28f43cd866af55c0e0138099e59c408d84d5899ecc547
Analysis_code/analysis_code/test_main_baselines.py	2253	b88c005e1447c24fc7859f4946ec26009b220f3fb5f0bedb56e92c917a4083f3
Analysis_code/analysis_code/test_multiaxis.py	2584	6553de589ff52d58d4fe50a1235753987eaeea2719a2de2401800460d9c08e6d
Analysis_code/analysis_code/test_named_support.py	1551	c434d3d377f786a7ee30a21b0d667a10e075a4375adf911b9ba5f4d05d0cfcd2
Analysis_code/analysis_code/test_protein_controls.py	1435	bbc4d7855907ae3db4c6dbe55cba3b387aed6fe798bded69fffa90f03358ce4d
Analysis_code/analysis_code/test_raw.py	4654	ac11ceb24d1adbc4bcb8092f710bc6a20fa62bc846e798d688f9377331889286
Analysis_code/analysis_code/test_reaction_roles.py	5534	bd3e34271c894a28ba883223dd708818321f95d789436c83d73944c887c2ae42
Analysis_code/analysis_code/test_structures.py	2304	6b75d184fc1bbbe39647e2278ef00ecbb6d2cb85bdbfd4eb33397fe9ed55a617
Analysis_code/analysis_code/test_taxonomic_lineages.py	1423	f3e0bfceef7e4a8942556e3706b4a3804c34bceafd75e6cb672829bdea71eb30
Analysis_code/analysis_code/validate_interaction_manuscript_claims.py	26439	db0f7ef204b1ecab9e3f91f00e1711508a3948624bd08fe46244583bea51d1ad
Analysis_code/analysis_code/verify_baselines.py	4147	e4cb4b16723d99509fb28c17d1601779c8ffbac071b168eeeb0afb0a457a6579
Analysis_code/analysis_code/verify_clean_core_features.py	8913	13723119cc5c423cef6073811dd986f8da98ebe86b1763c6038416a5c5c18f1c
Analysis_code/analysis_code/verify_clean_ec_bridge.py	4998	cf5885ac42307270ec18dcc8f8ddc055689ca4a1da00d9c1b777e251424da5e6
Analysis_code/analysis_code/verify_clean_pruning.py	11012	5454aee2dfea9dfd498497bc5883f6577ec09c04d03f7441ba7b5f909ab682e3
Analysis_code/analysis_code/verify_conditional_fit.py	5855	2e731160cb7f2fad75eb3e7be1c9d37abbe31eadb33980a3a45f9da9ae3db145
Analysis_code/analysis_code/verify_control_ranks_zero.py	4883	566d9b6ebc7f3d59aeceef3434791abfb5f880ec0237ded8a4bdc4c1bbb8f7a7
Analysis_code/analysis_code/verify_control_ranks_zero_v2.py	5021	59d25f5b43d70903e25c8176b11ec81324390bce236810bf80b4161a707f6260
Analysis_code/analysis_code/verify_control_refit_zero.py	6290	9bad21ed90a196d3bacfe4b4697c474dc68ed3648b2e58953c81857deaeb60d1
Analysis_code/analysis_code/verify_domain_router.py	24310	67d32bcdee4aa9a28e6590e8cf20177389b674c6daa23860dead5795b1d54eae
Analysis_code/analysis_code/verify_expert_metrics.py	7118	a8f09e018575754544d8f97431477ff85f0f31439fb8f9a033b65f7d89e93b10
Analysis_code/analysis_code/verify_external_human_cyp.py	21605	4c1738b0d1421de2cbccbb2dea6b9ad3730c86d10559ccbe9edcfaf1812192d2
Analysis_code/analysis_code/verify_figure6_external_transfer.py	6304	32a245b6fe6839af3758b11a97e39b41ad2650fbfac3e282acfec3fc8ed9f9fe
Analysis_code/analysis_code/verify_figures1_5.py	12594	b413f052b708a1027356381adf44b54325e4fa30bb242968e14271778b14b092
Analysis_code/analysis_code/verify_human_selective_behavior.py	10082	32fd2db6e1e95414c3fedbacc6739219d2d66984a667e0bed6b6ba6cda6f3655
Analysis_code/analysis_code/verify_human_substrate_models.py	18026	872b2381aa1925aa96b53f665e1987e949c6c69c4d74c2ada09adca4fa31e693
Analysis_code/analysis_code/verify_interaction_conditionals.py	20569	7531bec51a137f76e9d2fde37fa23e21b20e7cbe9ba601b5e0147742bc11100e
Analysis_code/analysis_code/verify_interaction_control_comparison.py	3790	74f4500694dce4289e73207397644856d02e6779f286bf8bb79185c77832a5d9
Analysis_code/analysis_code/verify_interaction_control_workspaces.py	5574	21663f136f011694d040235d7d8295c9f5370d83339c9709ebae3608c90be91c
Analysis_code/analysis_code/verify_interaction_information_controls.py	3580	7c2fabe993a94ea2e582d73ba8c2825151ede4c0434868c3a89b2c020f4d58ac
Analysis_code/analysis_code/verify_interaction_paired.py	8120	4c2d5247c498fa0ddf9cc221a0dd48c5506f82088c212123056809d680585cb3
Analysis_code/analysis_code/verify_interaction_transform.py	3362	3c35ac2debca946a8a493e362c7b664ab6a3f04a4113c895ce3f2906022097a3
Analysis_code/analysis_code/verify_joint_tool.py	8477	2294963c549cf69f3f69bc75b389063cc3856a67db4283de15c5dfc16c4dee3b
Analysis_code/analysis_code/verify_lineage_conditionals.py	14694	dcf08ec3b89847315855884993541825458fb90b71c34d55f56e4fb7bb025114
Analysis_code/analysis_code/verify_lineage_paired.py	8119	95275be22ff66c35d8302bbe1f1205100b5cd15d36a619f9e563ac5a11d3f67b
Analysis_code/analysis_code/verify_local_conditionals.py	14863	31610d480325e19519d151f4ff2ba6fb55c4214408064516f55fa5c6695aa45b
Analysis_code/analysis_code/verify_local_conditionals_center_profile.py	23484	1c6467b98913030f16d5d49024d04b807e8582f1b2091f97643d04f617bd2235
Analysis_code/analysis_code/verify_local_paired.py	7988	0b0b0a25be3f9195493e79cf58e3e08d11b0bf1ff40b14cd9136b30ad1ba0bf0
Analysis_code/analysis_code/verify_main_baselines.py	8889	9f090b836aa20b0710159fc21abacb017f5fb1cb3c6827034d39c13d29e2b577
Analysis_code/analysis_code/verify_multiaxis.py	4677	8c9da5b5936567bfb548ceeec07d13e2ad5d5cd5ed477aa0f8700b172ea3469f
Analysis_code/analysis_code/verify_ordered_site_features.py	8504	c051b1202676952356024bf55cbcb3fedc2ec61d6e1d3b8dc9728c50cedf020d
Analysis_code/analysis_code/verify_p02.py	8203	a10e4cdb4af8da3b924e4d60181c82975e59dc129a0165f971442296448affd2
Analysis_code/analysis_code/verify_p02_cluster.py	1925	5965c9ddc63a87e1c5b754986d2b896b5b684bbd497d08bcf00f1f85834e44b4
Analysis_code/analysis_code/verify_paired_comparisons.py	6537	f3202959bae153124285a89e481ab11546c6d54d1dc97d642b7b95567b69332d
Analysis_code/analysis_code/verify_reaction_center_environments.py	7869	d45140f389556bd271c0a1e22db68d232fc35df3c27cccca299f6b8cc66e4d0b
Analysis_code/analysis_code/verify_reaction_mapping.py	2920	3bbfb490e2c084a46fab8676043988b7fa4d8829f8faa32edf380a8b6cb4ce41
Analysis_code/analysis_code/verify_reverse_alignments.py	3673	4ccd458bb49d2e42af88b4cdae47021190eb06645542a23babde170834ef2881
Analysis_code/analysis_code/verify_reverse_baselines.py	13048	245c950e4be53c97c13a846cc009d4e85e3800ccd69eeec7a19ac89babeaabbd
Analysis_code/analysis_code/verify_reverse_candidate_census.py	5479	fd27f37ebb5cbb557ffc99030340bfafc6db9835fc2c74e0301ff19c6bc57de0
Analysis_code/analysis_code/verify_structure_associations.py	8119	6985e59849a0ab1199b35e11e2b8c5c02b6f11b1d486084c0bbfebb37e336dfc
Analysis_code/analysis_code/verify_structure_associations_v2.py	8311	0436e63a2ff26fd4304d2d240d8156a1fdaf7a642a335c000d06d34aa04c3e11
Analysis_code/analysis_code/verify_structure_matched.py	10085	23c4f2a6448a4f4bd5964f24d4aa3929295e57dff7cc51ecf9d5ed8935fef32c
Analysis_code/analysis_code/verify_structure_matched_v2.py	10085	f4d8e0de53604db91caaa7a10bde91cdda8c0e462e20b694eddd67f6857a2e2e
Analysis_code/analysis_code/verify_structure_paired.py	5439	d1e12f24ad9d525c3f1f201b984abb8d52ed190180c5a533125d2d8756cfd234
Analysis_code/analysis_code/verify_structure_paired_v2.py	5439	5424662963e60970d49b0dedf7a17372a6356f6fd760df932c74ec661a626a05
Analysis_code/analysis_code/verify_structure_source.py	938	3742d50da116d29ff0f0015aefa6fbcfe0400649f8c1fccb3b5e86170abc3ee8
Analysis_code/analysis_code/verify_supplementary_tables.py	4141	09873eb9d2631c5bc4c158dac1a3fbd47400db34044561c979c260d4f5772c9c
Analysis_code/analysis_code/verify_taxonomic_lineages.py	6241	c52ce4a1fcc395a95cf1658aae62f6964130fafadec4b39de7b71e7480eb13a3
Analysis_code/audit_external_evidence.py	17628	f49376a9773338f6fb4b7bc9089a1f51fac1ccccd5c8075fec503f2ef3ba052f
Analysis_code/audit_figure2_ties.py	3593	0ca2a9a4faaf87966e6fef9501d521834f61b2d7adbbbd6920a6594dbafb2ba0
Analysis_code/build_figures.py	40398	7ebe5c5f826112bba1b1d59cda88db4b0b91236504432ee099a69cedc60a8ce2
Analysis_code/figure6_software_layout.py	8899	7f6a65fe289c8d9b6b36f0c1428b91286132701a18fa599557c9386f629ae3d9
Analysis_code/figure_primitives.py	32983	b15f21c1737c27065b2b66444998c9bd7b6c438a9392575943472d3479b2e559
Analysis_code/math_typesetting.py	4161	9246184be601276e43b6fb4d91d9571adc03ac49cb5791a48030210b3540af22
Analysis_code/protocols/CANDIDATE_INTERACTION_MODEL_V1.md	5505	613edeab17d4ac982dcc03777abcdcdefa0b170bccba54c9a85954a072c8bd04
Analysis_code/protocols/CLEAN_CANDIDATE_PRUNING_V1.md	4941	a5f72d24b96af2d5965de9d3557204d820996777187b055fa3434e1df9665df7
Analysis_code/protocols/CONDITIONAL_MODEL_V1.md	4793	3563de25d6826772f8f4225bd78e90d32423c13df75103a86840f44fdcfa3dac
Analysis_code/protocols/DOMAIN_ROUTER_V1.md	6635	c5707dfc2e8b33f2e556971628ac9c6f821b41b7dd07e34a58cf242fe74862c0
Analysis_code/protocols/EXTERNAL_HUMAN_CYP_DATASET_V1.md	6637	6d24398df03300b3a21bf435421fc50913f3f9d51d9daa8fc16218901b82ffc8
Analysis_code/protocols/HUMAN_SELECTIVE_BEHAVIOR_V1.md	2997	1fe85572afa49a43c388d54a5e06f7fdac10567a9b8d5682141eb53bae164534
Analysis_code/protocols/HUMAN_SUBSTRATE_ENDPOINT_V1.md	5690	41f8b259b8d20ae6a7d94f9be57b176e14a7285e8d7b36c5695af96b0f97327b
Analysis_code/protocols/INTERACTION_PERMUTATION_CONTROLS_V1.md	2168	552a66f199ff6ab99ebe40f41ba69215f23be9735490fd6772cfe2bb0ad50a64
Analysis_code/protocols/LOCAL_CONDITIONAL_MODEL_V1.md	3887	86d8d832d06d036c26ef081de47f917cd8b4128ed1c8c777b91e924b48a9e6aa
Analysis_code/protocols/LOCAL_PAIRED_ANALYSIS_V1.md	2198	e99922b9f9cc87ea3b6825f2561b12716fc004b24b8fcc43ae026b4ecd86834f
Analysis_code/protocols/MULTIAXIS_PROTOCOL_V1.md	4737	f09351f229443e7e84e12d22667f99b4b61f4d9f40e264d4be86e3048e0f8528
Analysis_code/protocols/ORDERED_HEME_ANCHOR_V1.md	2385	da7fca612e587b13b435b169cb6a8235a927f5f49072386bba0e1c9610321bad
Analysis_code/protocols/ORDERED_SITE_PROJECTION_V1.md	2309	bfe50272e45d128895f3e8ec3778b72d1463efcee966e3dcea3eb95b850d45e3
Analysis_code/protocols/PAIRED_COMPARISON_PROTOCOL_V1.md	2303	a7b0ac40a8a1893cf0dd18135d071060383ebd5e79f7aba2f43f6918120da682
Analysis_code/protocols/PROTEIN_INFORMATION_CONTROLS_V1.md	2484	ab45d4ab42a3e0ea0be636dd2dbbfc992d030e0e9bd0da2a3fa75bc0fd8b82f2
Analysis_code/protocols/PROTOCOL.md	7776	7c37949a57e0ccd69fc60e0fcc8843829afbc6f9f3146de67c40b3b225013430
Analysis_code/protocols/REVERSE_RETRIEVAL_ACCEPTANCE_V1.md	1797	05d3242e78efb6da1deaac7836133c25c6564d1217a088f26e930cde97082332
Analysis_code/protocols/REVERSE_RETRIEVAL_V1.md	4500	3f9a924a5ce1b22dc2dd7cd842aad7ded50898c99b30d06394f4cac1c1a8e940
Analysis_code/protocols/STRUCTURE_EXPERT_PROTOCOL_V1.md	2463	416c0d37ac698cde7c1868821d5e7b29bf42096267c90d2314e8dfae56c3c885
Analysis_code/protocols/TAXONOMIC_LINEAGE_CONTROL_V1.md	3917	da650fe77a006eae8bf7dbe097434bcb1afb216edf991788500aca6c16d08bf9
Analysis_code/revise_comparisons.py	10307	ecfa43f587fc5edb7785fdad97e8c7184e8924eeca19cb4420a7d361cbacc5be
ATTRIBUTION_HUMAN_DATA.md	2608	8fc93df402b866e1523ae3774329213b428229b174b72ba7ea99f5789fc22447
ATTRIBUTION_OPEN_CORE.md	2154	18c2ecd5fad1ddd09f8d26e0dca85ced8b14d22b73502b3174927320c421a32a
DATA_DICTIONARY.md	3342	0b760f9f11e1f7bc5b99a495cb4dbb5ffc2d3b271482139268ebb5ff387fadd9
fetch_external_sources.py	1801	bbb86fc86ca4960edc74db5684e3eed9153025f58412810430575767825a0e8f
LICENSE_CODE_ONLY.txt	1083	60e3c112b5903f37020e0c4aa25babe259e6f08e34c60c8282588ef60a600da1
Provenance/AI_ASSISTANCE.md	1410	6a253918978c96491feb57b85c483ce2b456f07d2385e4960636419d936c7feb
Provenance/general_result_export.tsv	3452	aec1b5f10a0cf75c1e1458ea9d501f2fe5b1a5522b1b2d6d4477506558d09c4b
Provenance/historical_resource_inventory.tsv	22676	dd2bbd17d2ecd223bb3e741ef6000e2e9969bdf1b59478a37657514e31a9b2f6
Provenance/p450_current_download_audit.json	3674	32d168929b79800d0174f61cc2e3d61a28f5b8b8fc662974f66f1670eefb6c41
Provenance/resource_use_20260915/ALPHAFOLD_AUDIT.json	768	cc5ee6a8968c55b199c39c55005dc1cdcac8420a9cad4b89a24b3538bf7f776e
Provenance/resource_use_20260915/excluded_from_active_resources.tsv	939	53534e03e5293687d9f4075bf6f1b43913599c5ef3c74039db889e86b42545d2
Provenance/resource_use_20260915/receipt_manifest.tsv	5074	8c569d77570d10fabb3d2a667786c13833c524d22c5f3b194de517e627c65c71
Provenance/resource_use_20260915/receipts/annotation_02/annotation_resolution_audit.json	10365	973ecbe7ee3de5d4f6da7b918772e9d363470fd15ab80c0c533edbb5606f9e4d
Provenance/resource_use_20260915/receipts/brenda_01/brenda_audit.json	2245	578e05e1e2862befa2d28b5e440c33d33430137ac8ce292d8eda2dd1dd9a77e1
Provenance/resource_use_20260915/receipts/clean_ec_bridge_01/audit.json	861	115520cb906809e7f3c634a1717c6e352a654ee3348ca8af4e7dfec0a6201946
Provenance/resource_use_20260915/receipts/clean_ec_bridge_01/input_manifest.json	1437	0ea6c93693a22725c1754dce6bfca677d69dcf8f9b801001c8aad8f8a42e54ec
Provenance/resource_use_20260915/receipts/dataset_02/dataset_audit.json	5957	36ba69c94cd693e5f1e4480e1a5222ac488383cc3daa4cb9c18b30807b233032
Provenance/resource_use_20260915/receipts/dataset_02/input_manifest.json	1368	2528ddcfd3f6122d56e7526dfe5daf31563dca4c25af238eed43e6c5f6afd402
Provenance/resource_use_20260915/receipts/external_human_cyp_01/acquisition_manifest.json	13349	a355fc962d15a7c795a549f24aef6474b225b858daccd056b7db9b94b96cfa50
Provenance/resource_use_20260915/receipts/external_human_cyp_01/overlap_audit.json	8779	de58f5d3d3bb22f5191905231d3b1b21caba3ba6f2760a1c2d2f9865a8e319e5
Provenance/resource_use_20260915/receipts/external_human_cyp_models_01/input_manifest.json	1708	ee98cbbfc4819e8187504a0f7ced2e2ea6253bb37afaf4a66bdc3221d7b7c4f6
Provenance/resource_use_20260915/receipts/human_substrate_01/human_substrate_audit.json	10107	8cf631e913e927ed45a38c29d9c747b7282f397af20ebc293291e2945bcf38f4
Provenance/resource_use_20260915/receipts/human_substrate_models_01/input_manifest.json	989	bae03e6b1af9711c353f7571dca98becc391d70877e49011118658e08ab7e1ed
Provenance/resource_use_20260915/receipts/named_support_01/input_manifest.json	1570	da8baa5745b356310d0d381646d4da60a4c79782208f3e30c2e5a0d238d3cc14
Provenance/resource_use_20260915/receipts/named_support_01/named_support_audit.json	3160	ddb776b72ba4366a00ea5c352706839d26b28e533303ac05e9ef123d71b46f88
Provenance/resource_use_20260915/receipts/ordered_anchor_01/input_manifest.json	685	27d72f249dfca7da3966ef5e130db3992f38c52ee1a620150e8aca6402a292cf
Provenance/resource_use_20260915/receipts/ordered_site_features_01/input_manifest.json	903	8884e17146a946185c56338c204dce33b63b0c74e05c99668a9a08d44828cbc0
Provenance/resource_use_20260915/receipts/run_03/consumed_raw_inputs.json	16443	f8a76815e0dfb616aaca757243c9aefab6819a99968a07cbc7f5abae6d786204
Provenance/resource_use_20260915/receipts/structure_assets_01/source_manifest.json	147930	439ebd6b507c5a246865696a6f2341d0bd0abef3138980b8804bed9e0d9ce77e
Provenance/resource_use_20260915/receipts/structure_assets_01/structure_audit.json	942	e9f4b9dd65d1fa5412250ebf5a2de10817002ab84fc63e932a5247bac4b3267c
Provenance/resource_use_20260915/receipts/structure_mapping_audit_02/audit.json	638	a1e97ff7414c51a02eea99cf4748b2a5ee080cf8584fd07475eaa9d278800868
Provenance/resource_use_20260915/receipts/structure_mapping_audit_02/input_manifest.json	914	092c684dd22bb6b76d55e1794c895d07ad8c427a96a1569ec7da441133d6bcb3
Provenance/resource_use_20260915/receipts/structure_mapping_audit_02/primary_representatives.json	895993	e599ac9b219978418f297003f72aa9d77985c05a62cdaa462c8c63c1a7ac299d
Provenance/resource_use_20260915/receipts/structure_matched_02/evaluation.json	43291	12f1e051222bde08070530b50b48b2331c651d51905b49fe0996205bf7bafeb7
Provenance/resource_use_20260915/receipts/structure_matched_02/input_manifest.json	1450	76442a00577a9036394d68de38ec89dbe4c6cd9667530891c129942f657353ed
Provenance/resource_use_20260915/receipts/taxonomy_lineages_01/audit.json	648	bb352fbcf533b8406e402d674674f3d2b9aa36b6853a136cc2b201c6ba7fee6c
Provenance/resource_use_20260915/receipts/taxonomy_lineages_01/input_manifest.json	429	e4133d42de07cf00e50226bd36fbd5317b2cb5c2013217421ec78481c7660b8a
Provenance/resource_use_20260915/RESOURCE_USE_AUDIT.json	1798	b6a9ed41a12b0fd26b45748497423429e075dc5cec5124ff3df34c34a2965c80
Provenance/UPSTREAM_LICENSE_MATRIX.tsv	6629	20fec950eec1e500a83b9e761ecc2e9437c5e3c76d6be3846654abee066797d3
Provenance/V13_GENERAL_METRIC_TEST.json	722	4ddf8d0214ca40ce78cafa5a553f9a53b2dfa803dff6b9b122779415b56d455f
Provenance/V13_OPEN_CORE_TEST.json	262	d904682f1d871b9e620e902351a9489d10673ec9efd6b42b712b9a186ab80e5c
Provenance/V13_TEST_ENVIRONMENT.json	156	f224233c83c12f7bb8470851c56bd84484180697c01ed73c54e25674522d6d6b
README.md	1685	6b44e463f214f61d7338cd0265321032a7dbad8323222a0ebd12b667e870563f
rebuild_open_core.py	4877	46f0b8c1f1a7a549cbce0b29af42d761d38d11cdf81bfa36665b720f7b05dc45
reproduce_general_metrics.py	4964	d98ac158e4bd5a89952eb6e43ecb16098a1607f33edc0261def0f38b1d615d89
REPRODUCTION_GUIDE.md	7005	eda26171a4c0f68471dd49be8efd156c285983b6615e9e9d022dbe907394e5bd
RESULT_REPRODUCTION_MAP.tsv	1468	5c10d52ebcb9b81730cd7611418073f4c2dc6cbf1a56534d770a589d519fc5bd
reviewer_checks.py	5523	d6a19166892b8e35ec8a4c7b490837d8420360bbfcfbbfb55d2e97224e01a6db
REVIEWER_GUIDE.md	839	fe1a8623cb971469bb97d114c42e487066baaebcd9fe3719b0e533d9271da4d5
Source_data/analysis_tables/ANALYSIS_TIMELINE.tsv	2208	f82d1017edc8ddd438fb1cb7cc6a166f362ba888ad20b568c5ad64f4424ba136
Source_data/analysis_tables/chemical_case_studies.json	14422	f6d17e29fb844b9b77b625d3527465ab2b7805df22fc38e268a44e22ef4e038a
Source_data/analysis_tables/chemical_parent_identity_map.tsv	836778	1e4962da71a2a7ea675835c3c5cc5c4a79fbf97e5bf3e0c0de59b16098fa88db
Source_data/analysis_tables/common_domain_key_comparison.tsv	565	277678c40bac759b79caa8ac202808b178c39069e3c339e629b43f6a697d5b39
Source_data/analysis_tables/comparison_revision_summary.json	3104	af15146349d4529763791023b3efd7d29f5cd7d5ffd969af7a46e3fc822b4f94
Source_data/analysis_tables/coverage_ranking_decomposition.tsv	4532	24c26c7cf48f095ca18dabf210b99739e5a1a6ab400732312b79191da6518d2e
Source_data/analysis_tables/early_release_model_comparison.tsv	920	963d1dd5249406186f534d2cac95bba0de9bf2e2c5ea2d9eeb542978f90f7832
Source_data/analysis_tables/early_release_per_isoform.tsv	3065	cbbd4aa992c325eb47ca13b368def1ffcf3a66161ce9fc3b97ad70c060db7a95
Source_data/analysis_tables/equal_k_sensitivity.tsv	384	c4573e66641818ebd12f291e000c2d6d50f7cce0911f14ff5aa487da8074be72
Source_data/analysis_tables/external_AP_context.tsv	883	bcea8680d05720f9be2663c954e2817150b39f7281de659729c99f009fd18fa3
Source_data/analysis_tables/external_chemical_distance_bins.tsv	591	81e22967c40c4b9abd4888a87f999ae9719529e41035fac4519dc0140bce2ee5
Source_data/analysis_tables/external_chemical_distance_quantiles.tsv	352	4e092476efb8f0b53872aff4c378a45bbc6018250b752ec760f7bc59148377df
Source_data/analysis_tables/external_evidence_audit.json	12535	d5c44588a5c78990fc1ff5cfa4ad32d6c11c0bd62e615e284039e85ad6e84431
Source_data/analysis_tables/external_identity_overlap_audit.tsv	1781986	12e4bdd87737e14b705fd99a5075435fcd2920b91d9b4225215cd40a0ae63333
Source_data/analysis_tables/external_isoform_composition_ap.tsv	709	3d46d7d4d0c0ab03dc087fe84d8da4d2ef2ca7a0566c19e04a25bbe5c1670d90
Source_data/analysis_tables/external_label_semantics_audit.tsv	4461968	6477e4e8dc5bee5ef09874787588f2addb0940fd0d876628d13a6a1e8b7586b2
Source_data/analysis_tables/external_overlap_reconciliation.tsv	151	0f7335ece3a34e1ad2e97b57dc01560c37cba2ff8d816187412ca826d0b877c8
Source_data/analysis_tables/figure2_tie_audit.json	10237	408b217ff1e73e9c9af1655f802795c6635ca78c9ad9da5551d3756bd459701d
Source_data/analysis_tables/figure2_tie_per_panel.tsv	72749	1ae8620c2fe0ddbcdd7ca8d857f674feba9dc4a616445a72c39ae64db4314034
Source_data/analysis_tables/interaction_four_group_sensitivity.tsv	635	b61b73a2e86ff21930e9f28ae07c59364a9f9c07aa638a7fbae96feb8ac117f7
Source_data/analysis_tables/interaction_leave_one_group_out.tsv	663	5fc00b11e33ca9ba8bc3b74630c8c4af8488bdb820eedb3ee9be3710a6b96eb4
Source_data/analysis_tables/interpretation_case_neighbours.tsv	165482	192b7de8fb6f06e59b105e1879ad3987ee9aa5966bd993e3504977dfaec6480d
Source_data/analysis_tables/interpretation_case_summary.tsv	1011	4d2bacd27569c01878f3c86e98f30f7a39ce18b958029b0bb637116ace2794c2
Source_data/analysis_tables/interpretation_cases.json	2253	5dd578e1b6a6d4b62ad2400cfce6c3376fcf4c128a876583a1eef340fcbd3186
Source_data/analysis_tables/logistic_regression_supplement.tsv	1445	f3c3266ca182eb3d1a46fbbc6b25b3d6c069217064da1267397a5b81fba59309
Source_data/analysis_tables/selective_release_per_isoform_10pct.tsv	418	4627c7891453ebaec5b9d330f1cf5e75112ce3e730e1dd95fd6e867f6e4d5f4f
Source_data/analysis_tables/selective_release_tradeoffs.tsv	974	a2fc825c3ffc38fa433cd6e5362f88ac2d20feeca06540f83e8175dfd0bbb99a
Source_data/analysis_tables/source_table2_steroid_classification.tsv	2790	f32b45fb78b120bb57990e3c7e6c314816a53c6e16db314ebcdc08f93525962a
Source_data/analysis_tables/strict_logistic_paired_predictions.tsv	411787	9132083d39c8baccc8723cd5e1e2717fde84b53ba7443cf886c458363d1e0ded
Source_data/analysis_tables/table_s17_route_definitions.tsv	1391	13ce77623e899b37fc3d11ca084f715b10cf9b440f21022f74b114685103aa72
Source_data/analysis_tables/table_s18_audit_summary.tsv	390	8465f43175194afdb3b0d09749d0d48cea9f6974b2b0258f66ebf3ad63a61e60
Source_data/analysis_tables/table_s19_external_audit_sensitivity.tsv	1291	e08a5a04acaa66e067c3adfa8810c4adb3d72fc4c91ccb966efb1fc0b97884fd
Source_data/analysis_tables/table_s1_source_scope_and_release.tsv	6636	3274e200db92dc8c24e1d6761138976d51f9dce46906314e637bad1273a460ca
Source_data/analysis_tables/table_s22_tie_sensitivity.tsv	738	d85f6bcfe79eb76665cf7acbd410a9ea6a49d0e54e6962a6e542480b572e9fe2
Source_data/analysis_tables/table_s2_annotation_resolution.tsv	578	d6dcb660b6f96d056be55409098fab6f0c3aeafc815971252c175f58e4a3f166
Source_data/analysis_tables/table_s3_split_denominators.tsv	166	bb624dde59094d2bd6a032b9ee70ebeb1b756003de77c354160144f888d11a4c
Source_data/analysis_tables/table_s4_general_model_effects.tsv	1569	0d49b4351548c48967d3af2b4b5b420c43c0ad7e6d00d1915a425f3ca3d9fd38
Source_data/analysis_tables/table_s5_expert_availability.tsv	258	07a02d8e65d8ee0bb674247bc51c5e79ad4e5f40299db170e53bc62332a37875
Source_data/analysis_tables/table_s6_reverse_retrieval.tsv	435	33909d05d69d91714577580b8afde540749f8ccee2e68273ff7371b40010c4fb
Source_data/analysis_tables/table_s7_external_transfer.tsv	372	47999fd4f275083625ae84a44d89aeec07d4f2f370a95d4889e1af8fd06de24e
Source_data/analysis_tables/table_s8_selective_behavior.tsv	1634	f275009f5e55f129b0334587b3648ef90a5b112cbfa5fc0df3028b317b2bda69
Source_data/figure_inputs/chemical_case_studies.json	14422	f6d17e29fb844b9b77b625d3527465ab2b7805df22fc38e268a44e22ef4e038a
Source_data/figure_inputs/common_domain_key_comparison.tsv	565	277678c40bac759b79caa8ac202808b178c39069e3c339e629b43f6a697d5b39
Source_data/figure_inputs/coverage_ranking_decomposition.tsv	4532	24c26c7cf48f095ca18dabf210b99739e5a1a6ab400732312b79191da6518d2e
Source_data/figure_inputs/equal_k_sensitivity.tsv	384	c4573e66641818ebd12f291e000c2d6d50f7cce0911f14ff5aa487da8074be72
Source_data/figure_inputs/external_chemical_distance_bins.tsv	591	81e22967c40c4b9abd4888a87f999ae9719529e41035fac4519dc0140bce2ee5
Source_data/figure_inputs/external_chemical_distance_quantiles.tsv	352	4e092476efb8f0b53872aff4c378a45bbc6018250b752ec760f7bc59148377df
Source_data/figure_inputs/external_isoform_composition_ap.tsv	709	3d46d7d4d0c0ab03dc087fe84d8da4d2ef2ca7a0566c19e04a25bbe5c1670d90
Source_data/figure_inputs/figure1_evidence_atlas_source_data.json	1651	868c6e5f75817cfdd788c433a7edf12133a8840e7c0dbb7ece6246a5382cb243
Source_data/figure_inputs/figure2_split_design_source_data.json	4525	b578357459abe9ae497dd5c334f43cd8fe181e48d304937dc6a5bafad0596f41
Source_data/figure_inputs/figure3_domain_methods_source_data.json	5704	f37c03c216a07f61710e9418f639ee404b18a665a4eb2d6a00d1841502e0eae2
Source_data/figure_inputs/figure4_reverse_retrieval_source_data.json	2131	d3fd306a4db4fb593a072ef22b4e703d42dcd482d2ebe41a6c43e9b5c046dcfe
Source_data/figure_inputs/figure5_coverage_controls_source_data.json	6828	c56e5104b4cb627555f8db3d3d20545172a4088c1602bb2d2981f9fb9f1dee28
Source_data/figure_inputs/figure6_external_transfer_source_data.json	3215	3bb3c9d97749c057f87ff243da203f9d3f97b404cb148b7cf274cec55be81f31
Source_data/figure_inputs/figure6_runtime_example.json	9012	3e0d1eb5298c30f86b180a96e02c41364a2c4fc99a1a4e2eb5e5910cd0179283
Source_data/figure_inputs/interaction_four_group_sensitivity.tsv	635	b61b73a2e86ff21930e9f28ae07c59364a9f9c07aa638a7fbae96feb8ac117f7
Source_data/figure_inputs/interaction_leave_one_group_out.tsv	663	5fc00b11e33ca9ba8bc3b74630c8c4af8488bdb820eedb3ee9be3710a6b96eb4
Source_data/figure_inputs/logistic_regression_supplement.tsv	1445	f3c3266ca182eb3d1a46fbbc6b25b3d6c069217064da1267397a5b81fba59309
Source_data/figure_inputs/representation_count_provenance.json	491	723acb7c0c5768be7a581f718c623d5967647a04939a9d10e3127c00d155f0e6
Source_data/figure_inputs/selective_release_tradeoffs.tsv	974	a2fc825c3ffc38fa433cd6e5362f88ac2d20feeca06540f83e8175dfd0bbb99a
Source_data/figure_inputs/strategy_scope.json	1229	ef7405f4e841ccfee4c21a01fd7d0c5dd1ac50095800ed2f1657db428a934cc7
Source_data/general_metrics/annotation_02/annotation_resolution_audit.json	10365	973ecbe7ee3de5d4f6da7b918772e9d363470fd15ab80c0c533edbb5606f9e4d
Source_data/general_metrics/clean_pruning_01/comparison_summary.json	8471	300e9a52a1bc31a80c7941a06ba6c90e9a39b18158f6e75e62ede9555980ae94
Source_data/general_metrics/clean_pruning_01/mode_selections.jsonl.gz	4285	e8f8e4b543deb472a08a4d0e33ac072b29807f95e1028bca7f0e109d749a0118
Source_data/general_metrics/clean_pruning_01/outer_paired_records.jsonl.gz	154006	5a2d2e266f46c1faf8ba9d9ce784fc55049ee8aecee5a149fc6e468f3a2a9f79
Source_data/general_metrics/dataset_02/dataset_audit.json	5957	36ba69c94cd693e5f1e4480e1a5222ac488383cc3daa4cb9c18b30807b233032
Source_data/general_metrics/identity_assertion_audit.jsonl.gz	1469482	4db7a03f1ed6e9e72ba721b7fbd44f2becad1a533fb7cee6fb18889c38bef4ef
Source_data/general_metrics/interaction_paired_sequence_01/comparison_summary.json	926799	97bef5cfa7b7cc81a44c3641705c12fd8661e53021bf9e68baf0dcfef5c133d8
Source_data/general_metrics/interaction_paired_sequence_01/paired_query_records.jsonl.gz	566533	3b6d9cd117a9a3b3f85a7986b986fadfb2ef0e21158a091d4bc2c1c0b8f13196
Source_data/general_metrics/reverse_baselines_01/acceptance.json	1790	dabf5b691d51e60a71b977e75fe0a420be72e7665e3063b37f60cfd92655a459
Source_data/general_metrics/reverse_baselines_01/comparison_summary.json	7249	31d5cc544f22d5e8ce14f4c2fdbf0239dedc0099218df528811fd432e90cd5b5
Source_data/general_metrics/reverse_baselines_01/method_summary.json	4377	6f363cb665dc1d5e5e13b888bbd202d9fac137a5cf422bb6557fe6fd013b5476
Source_data/general_metrics/reverse_baselines_01/paired_query_records.jsonl.gz	880682	69ac350c8e0dc04b5f39da061f132f9ba18eabf47363404d22ecf72fd2622030
Source_data/general_metrics/reverse_baselines_01/per_query_metrics.jsonl.gz	477956	290de7f67a08dfa0add9a2081becba79c8491f2227040b6ac0863bbe7a6878be
Source_data/general_metrics/reverse_baselines_01/permutation_controls.json	25441	da9d1849d93824dac4bef24fd743fed8ed0e9c6ff308abbac50fe4d09741fcca
Source_data/general_metrics/structure_paired_02/comparison_summary.json	358965	66490f5fafde742536c0296924942559d6ac0f1a92b1f41d85097ac363736cdc
Source_data/general_metrics/structure_paired_02/paired_query_records.jsonl.gz	33872	d334e84990f3c419dff2cfc7950f114755e7129ac084a7a0d40c871f801f5d6b
Source_data/open_biological_core/expected_core.json	473	250027657af5c9a1751e7a19405f8e99627d0c4266bb081792ba4d3cfbb87ff1
Source_data/open_biological_core/protein_provenance.jsonl.gz	38090	c910597a51f79b9f7e2fe229efad395b01deeac9d6f18177bd1663765bdb621d
Source_data/open_biological_core/proteins.jsonl.gz	132081	70943fe865bda979f0ae1754d99e8ca900a75157c39878c9bfd0c4c20f339a8d
Source_data/open_biological_core/qualification.jsonl.gz	1394683	d2397583a10a6ea12f317bf1149690af21ff2ee9d78bf76a614527c220c3554c
Source_data/open_biological_core/rhea_main_projections.json	1450345	68a1bfe5f911918f51c4c767dc7e5fe7f1114f6bb15db7f8fcdbf4932832d6b7
Source_data/open_biological_core/rhea_reactions.jsonl.gz	19460	2c8bc5e6b35db4b9ec005f04dc00232c6fb6cf4ecd5b91ab1f0d0f8f766081a0
Source_data/open_biological_core/uniprot_assertions.jsonl.gz	1387060	103563d9ffee8752e8022e7cdd31771390ff8a9e7a0c6fb8fcc6c56d19b04cf5
Source_data/raw_development/molecules-26-04678-s001.zip	451783	14f9836e68ba1c7a2ace29faeebfa51200f99854fe59da3194f9cfb02b54bb07
Source_data/raw_external/CYP1A2_testingset.csv	29595	bf0a753b445538c33b5c9cb618d117b956d8a8329b73335792cbbb5accefbac8
Source_data/raw_external/CYP1A2_trainingset.csv	160679	dc6d38a18dbbe1336d97fa8301a02782357db14bca47ca8f788a434e3b3b6b67
Source_data/raw_external/CYP2C19_testingset.csv	29017	376f8b6ae68793be87027b699ca9d0402cf8b57dbaeb9a711163ccfc52ece46f
Source_data/raw_external/CYP2C19_trainingset.csv	162851	408f2f7dd85f9ceab2da6a23c923023108d4e6d20493e410d885161c293b368d
Source_data/raw_external/CYP2C9_testingset.csv	30193	4f775ed56794c11aededa23210544c813c4d2412efc06a1b7702c3eac0558d0b
Source_data/raw_external/CYP2C9_trainingset.csv	177575	3cff01c58e5edcbcd3f9f70303ed3ea9a83c7229acf7cd481873c820fff5fbc7
Source_data/raw_external/CYP2D6_testingset.csv	28605	eeebb6021992afcfc293ec69d7de4e2ce8d96d0782d500236f157602c703ac8a
Source_data/raw_external/CYP2D6_trainingset.csv	183670	e58a3973ce9a70f975e4aeb6a1a9b59ae06103a31a55b56de5e3745f9af73c60
Source_data/raw_external/CYP2E1_testingset.csv	31181	85a118fca9235c1417fa6af038760cb9458b293c05a89ae661085a9418d3323e
Source_data/raw_external/CYP2E1_trainingset.csv	155052	1b143c391259144ba048993f8288ffc9c43543d2f8ee4193432506d2dc6d6379
Source_data/raw_external/CYP3A4_testingset.csv	31058	ca04311596bc53e474d3b626baa1943cd10d256d944e796162fe9863192b24a6
Source_data/raw_external/CYP3A4_trainingset.csv	217618	11f501f7acf1b30800ac249c5e05f21e20eb08f7b79d21c7eeca91c21237ac1e
TABLE_FILES.md	3445	78187c138aacf5b0225cf38db4491c34c79817e612002b0008d83b2a10a40e2f
Tables/Figure_to_data_map.tsv	2285	5662359807ea9e8da801c156d731b7337aca9e2d43ec0a82d56b294feb95ba6d
Tables/Table_1_Evidence_and_evaluation_scope.tsv	1037	0f45044b8faf5e6f4512f96c20c8b8a19641b1c1528f018053792ab7454433eb
Tables/Table_2_Operational_output_strategy.tsv	793	415e18e7bf9e9e9a4e76e2a7ad7761eaaa0804ec42ae67f826fb5b1edc6b3bed
Tables/Table_3_Public_database_acquisition.tsv	1712	d8cdd3bb26c8d1ccfb4e52ad19c71e2359b1448bceb69c12d75d59bd22afabbc
Tables/Table_index.tsv	5870	426d85616733f78d2fc32409f6599400710803bd7faa8cf853bb6db6f679f28d
Tables/Table_S10a_interaction_four_group_sensitivity.tsv	635	b61b73a2e86ff21930e9f28ae07c59364a9f9c07aa638a7fbae96feb8ac117f7
Tables/Table_S10b_interaction_leave_one_group_out.tsv	663	5fc00b11e33ca9ba8bc3b74630c8c4af8488bdb820eedb3ee9be3710a6b96eb4
Tables/Table_S11_external_isoform_composition_ap.tsv	709	3d46d7d4d0c0ab03dc087fe84d8da4d2ef2ca7a0566c19e04a25bbe5c1670d90
Tables/Table_S12a_external_chemical_distance_quantiles.tsv	352	4e092476efb8f0b53872aff4c378a45bbc6018250b752ec760f7bc59148377df
Tables/Table_S12b_external_chemical_distance_bins.tsv	591	81e22967c40c4b9abd4888a87f999ae9719529e41035fac4519dc0140bce2ee5
Tables/Table_S13a_selective_release_tradeoffs.tsv	974	a2fc825c3ffc38fa433cd6e5362f88ac2d20feeca06540f83e8175dfd0bbb99a
Tables/Table_S13b_selective_release_per_isoform_10pct.tsv	418	4627c7891453ebaec5b9d330f1cf5e75112ce3e730e1dd95fd6e867f6e4d5f4f
Tables/Table_S14a_equal_k_sensitivity.tsv	384	c4573e66641818ebd12f291e000c2d6d50f7cce0911f14ff5aa487da8074be72
Tables/Table_S14b_logistic_regression_supplement.tsv	1445	f3c3266ca182eb3d1a46fbbc6b25b3d6c069217064da1267397a5b81fba59309
Tables/Table_S15_ANALYSIS_TIMELINE.tsv	2208	f82d1017edc8ddd438fb1cb7cc6a166f362ba888ad20b568c5ad64f4424ba136
Tables/Table_S16_external_AP_context.tsv	883	bcea8680d05720f9be2663c954e2817150b39f7281de659729c99f009fd18fa3
Tables/Table_S17_table_s17_route_definitions.tsv	1391	13ce77623e899b37fc3d11ca084f715b10cf9b440f21022f74b114685103aa72
Tables/Table_S18_table_s18_audit_summary.tsv	390	8465f43175194afdb3b0d09749d0d48cea9f6974b2b0258f66ebf3ad63a61e60
Tables/Table_S19_table_s19_external_audit_sensitivity.tsv	1291	e08a5a04acaa66e067c3adfa8810c4adb3d72fc4c91ccb966efb1fc0b97884fd
Tables/Table_S1a_Resource_register.tsv	4758	dfd582ad63fd6b2bf869ebc0884eedda292d0ec82b0293891f53b3ebbaed0404
Tables/Table_S1b_External_file_downloads.tsv	8211	9dd2d6ed0c555c2442b3f5d2bdaf0e593a9a7f0f5594ec329f23050d96f76363
Tables/Table_S1c_Resource_to_result_map.tsv	6169	c99e2f276241d1cdec4b0708020d42d535af718a80a4c156b29e396c6533d0d2
Tables/Table_S1d_Biochemical_context_audit.tsv	236	99669413b1490f004def8c6566f0b381cd813752f1c26d67f73231bf926b09d2
Tables/Table_S20_early_release_model_comparison.tsv	920	963d1dd5249406186f534d2cac95bba0de9bf2e2c5ea2d9eeb542978f90f7832
Tables/Table_S21_interpretation_case_summary.tsv	1011	4d2bacd27569c01878f3c86e98f30f7a39ce18b958029b0bb637116ace2794c2
Tables/Table_S22a_table_s22_tie_sensitivity.tsv	738	d85f6bcfe79eb76665cf7acbd410a9ea6a49d0e54e6962a6e542480b572e9fe2
Tables/Table_S22b_figure2_tie_per_panel.tsv	72749	1ae8620c2fe0ddbcdd7ca8d857f674feba9dc4a616445a72c39ae64db4314034
Tables/Table_S2_table_s2_annotation_resolution.tsv	578	d6dcb660b6f96d056be55409098fab6f0c3aeafc815971252c175f58e4a3f166
Tables/Table_S3_table_s3_split_denominators.tsv	166	bb624dde59094d2bd6a032b9ee70ebeb1b756003de77c354160144f888d11a4c
Tables/Table_S4_table_s4_general_model_effects.tsv	1569	0d49b4351548c48967d3af2b4b5b420c43c0ad7e6d00d1915a425f3ca3d9fd38
Tables/Table_S5_table_s5_expert_availability.tsv	258	07a02d8e65d8ee0bb674247bc51c5e79ad4e5f40299db170e53bc62332a37875
Tables/Table_S6_table_s6_reverse_retrieval.tsv	435	33909d05d69d91714577580b8afde540749f8ccee2e68273ff7371b40010c4fb
Tables/Table_S7_table_s7_external_transfer.tsv	372	47999fd4f275083625ae84a44d89aeec07d4f2f370a95d4889e1af8fd06de24e
Tables/Table_S8_table_s8_selective_behavior.tsv	1634	f275009f5e55f129b0334587b3648ef90a5b112cbfa5fc0df3028b317b2bda69
Tables/Table_S9_coverage_ranking_decomposition.tsv	4532	24c26c7cf48f095ca18dabf210b99739e5a1a6ab400732312b79191da6518d2e
test_open_evidence.py	1778	4cf1af657b6899684911b0e4bd79177bf1ee98563a1168bf21a9c93f47ba3e8b
